OrderID,OrderDate,Region,Product,Category,Quantity,UnitPrice,SalesRep,Revenue
ORD10171,2025-01-01,Eastern Cape,Bluetooth Speaker,Electronics,2,612.09,L. van der Merwe,1224.18
ORD10313,2025-01-01,KwaZulu-Natal,USB-C Hub,Electronics,5,435.67,R. Naidoo,2178.35
ORD11022,2025-01-01,KwaZulu-Natal,Water Bottle,Fitness,1,147.85,S. Dlamini,147.85
ORD10992,2025-01-02,Eastern Cape,USB-C Hub,Electronics,3,445.01,R. Naidoo,1335.03
ORD10025,2025-01-02,Eastern Cape,Yoga Mat,Fitness,5,290.23,S. Dlamini,1451.15
ORD11094,2025-01-02,Free State,Bluetooth Speaker,Electronics,2,611.17,T. Nkosi,1222.34
ORD11164,2025-01-03,Gauteng,Backpack,Accessories,1,911.92,S. Dlamini,911.92
ORD11169,2025-01-03,Gauteng,Office Chair,Furniture,3,1546.39,S. Dlamini,4639.17
ORD10491,2025-01-04,Free State,Backpack,Accessories,2,871.04,M. Botha,1742.08
ORD10851,2025-01-04,Gauteng,Office Chair,Furniture,10,1569.4,R. Naidoo,15694.0
ORD11040,2025-01-04,Free State,Water Bottle,Fitness,5,141.76,M. Botha,708.8
ORD10989,2025-01-05,Gauteng,LED Desk Lamp,Home,10,348.98,S. Dlamini,3489.8
ORD10336,2025-01-05,Gauteng,USB-C Hub,Electronics,3,434.83,T. Nkosi,1304.49
ORD10667,2025-01-05,Free State,Standing Desk,Furniture,1,3237.4,T. Nkosi,3237.4
ORD10030,2025-01-05,KwaZulu-Natal,Office Chair,Furniture,3,1563.31,M. Botha,4689.93
ORD10891,2025-01-05,Gauteng,LED Desk Lamp,Home,1,353.3,R. Naidoo,353.3
ORD10285,2025-01-06,Free State,Wireless Mouse,Electronics,3,261.63,S. Dlamini,784.89
ORD10067,2025-01-07,KwaZulu-Natal,Wireless Mouse,Electronics,3,239.21,R. Naidoo,717.63
ORD11062,2025-01-07,Eastern Cape,Notebook Set,Stationery,3,88.23,S. Dlamini,264.69
ORD10424,2025-01-07,Eastern Cape,Bluetooth Speaker,Electronics,1,572.84,S. Dlamini,572.84
ORD10251,2025-01-08,Western Cape,Water Bottle,Fitness,2,154.51,L. van der Merwe,309.02
ORD10707,2025-01-09,Western Cape,Standing Desk,Furniture,2,3212.92,S. Dlamini,6425.84
ORD10266,2025-01-09,Gauteng,Wireless Mouse,Electronics,1,241.97,M. Botha,241.97
ORD10957,2025-01-09,Western Cape,USB-C Hub,Electronics,3,446.54,T. Nkosi,1339.62
ORD10585,2025-01-10,Free State,Standing Desk,Furniture,3,3295.68,S. Dlamini,9887.04
ORD10062,2025-01-10,Eastern Cape,LED Desk Lamp,Home,5,340.84,S. Dlamini,1704.2
ORD10779,2025-01-10,Eastern Cape,USB-C Hub,Electronics,10,436.36,M. Botha,4363.6
ORD10839,2025-01-10,Eastern Cape,Yoga Mat,Fitness,10,271.52,M. Botha,2715.2
ORD10484,2025-01-10,KwaZulu-Natal,Office Chair,Furniture,2,1499.1,T. Nkosi,2998.2
ORD11080,2025-01-11,Free State,Bluetooth Speaker,Electronics,1,605.19,T. Nkosi,605.19
ORD11052,2025-01-11,Free State,USB-C Hub,Electronics,1,412.26,L. van der Merwe,412.26
ORD10063,2025-01-11,Gauteng,Standing Desk,Furniture,1,3447.33,L. van der Merwe,3447.33
ORD10411,2025-01-11,Free State,Notebook Set,Stationery,1,91.45,T. Nkosi,91.45
ORD10454,2025-01-13,Eastern Cape,LED Desk Lamp,Home,5,340.99,M. Botha,1704.95
ORD10116,2025-01-13,KwaZulu-Natal,LED Desk Lamp,Home,3,335.81,M. Botha,1007.43
ORD10166,2025-01-14,Eastern Cape,Office Chair,Furniture,2,1546.47,T. Nkosi,3092.94
ORD10001,2025-01-14,Gauteng,USB-C Hub,Electronics,1,416.93,M. Botha,416.93
ORD10735,2025-01-14,Free State,Notebook Set,Stationery,10,90.52,L. van der Merwe,905.2
ORD10593,2025-01-14,Free State,Backpack,Accessories,2,907.66,T. Nkosi,1815.32
ORD10104,2025-01-15,Gauteng,USB-C Hub,Electronics,10,414.69,S. Dlamini,4146.9
ORD10059,2025-01-15,Free State,Water Bottle,Fitness,10,144.82,S. Dlamini,1448.2
ORD10859,2025-01-15,Free State,Bluetooth Speaker,Electronics,3,614.4,L. van der Merwe,1843.2
ORD10917,2025-01-16,Eastern Cape,Standing Desk,Furniture,1,3253.74,L. van der Merwe,3253.74
ORD10591,2025-01-16,Free State,Water Bottle,Fitness,1,146.28,R. Naidoo,146.28
ORD10137,2025-01-16,Western Cape,Office Chair,Furniture,1,1445.32,M. Botha,1445.32
ORD10660,2025-01-17,KwaZulu-Natal,Office Chair,Furniture,10,1451.15,T. Nkosi,14511.5
ORD11050,2025-01-17,KwaZulu-Natal,Standing Desk,Furniture,1,3264.21,L. van der Merwe,3264.21
ORD10212,2025-01-17,Eastern Cape,Backpack,Accessories,5,867.34,L. van der Merwe,4336.7
ORD11136,2025-01-17,Gauteng,USB-C Hub,Electronics,1,434.73,R. Naidoo,434.73
ORD10263,2025-01-17,Western Cape,Standing Desk,Furniture,1,3349.72,R. Naidoo,3349.72
ORD10652,2025-01-18,Western Cape,Yoga Mat,Fitness,5,290.9,M. Botha,1454.5
ORD11014,2025-01-18,Free State,LED Desk Lamp,Home,1,353.94,L. van der Merwe,353.94
ORD11021,2025-01-18,Western Cape,Backpack,Accessories,1,904.62,T. Nkosi,904.62
ORD11024,2025-01-19,Free State,Water Bottle,Fitness,2,151.42,L. van der Merwe,302.84
ORD10855,2025-01-19,KwaZulu-Natal,LED Desk Lamp,Home,1,347.2,M. Botha,347.2
ORD10331,2025-01-19,Eastern Cape,Wireless Mouse,Electronics,2,260.5,L. van der Merwe,521.0
ORD10175,2025-01-19,Western Cape,Yoga Mat,Fitness,1,285.03,L. van der Merwe,285.03
ORD10037,2025-01-21,KwaZulu-Natal,Wireless Mouse,Electronics,5,240.68,L. van der Merwe,1203.4
ORD10755,2025-01-21,Western Cape,Water Bottle,Fitness,3,152.05,S. Dlamini,456.15
ORD10449,2025-01-21,KwaZulu-Natal,Backpack,Accessories,3,895.97,S. Dlamini,2687.91
ORD10152,2025-01-22,Free State,Backpack,Accessories,10,906.22,M. Botha,9062.2
ORD11118,2025-01-22,Free State,USB-C Hub,Electronics,2,445.19,L. van der Merwe,890.38
ORD10476,2025-01-22,Western Cape,Wireless Mouse,Electronics,2,239.06,M. Botha,478.12
ORD10598,2025-01-22,Free State,Backpack,Accessories,1,894.65,M. Botha,894.65
ORD10143,2025-01-22,Free State,USB-C Hub,Electronics,3,410.64,T. Nkosi,1231.92
ORD10871,2025-01-23,Western Cape,Standing Desk,Furniture,1,3174.41,R. Naidoo,3174.41
ORD11107,2025-01-23,Gauteng,Standing Desk,Furniture,2,3162.1,T. Nkosi,6324.2
ORD10330,2025-01-23,KwaZulu-Natal,Office Chair,Furniture,1,1458.29,L. van der Merwe,1458.29
ORD10489,2025-01-23,Western Cape,Yoga Mat,Fitness,5,279.62,L. van der Merwe,1398.1
ORD10237,2025-01-24,Eastern Cape,Wireless Mouse,Electronics,1,256.13,S. Dlamini,256.13
ORD10117,2025-01-24,Gauteng,Standing Desk,Furniture,2,3348.23,S. Dlamini,6696.46
ORD10310,2025-01-25,Free State,Water Bottle,Fitness,10,153.3,T. Nkosi,1533.0
ORD10870,2025-01-25,Eastern Cape,Notebook Set,Stationery,1,86.77,S. Dlamini,86.77
ORD10519,2025-01-25,KwaZulu-Natal,Water Bottle,Fitness,2,145.29,T. Nkosi,290.58
ORD10203,2025-01-26,Eastern Cape,Bluetooth Speaker,Electronics,2,581.94,R. Naidoo,1163.88
ORD10599,2025-01-26,Eastern Cape,Water Bottle,Fitness,5,149.24,S. Dlamini,746.2
ORD10571,2025-01-26,KwaZulu-Natal,Wireless Mouse,Electronics,3,250.05,R. Naidoo,750.15
ORD10344,2025-01-26,Western Cape,LED Desk Lamp,Home,2,365.87,S. Dlamini,731.74
ORD10538,2025-01-26,Eastern Cape,Backpack,Accessories,10,870.93,L. van der Merwe,8709.3
ORD11198,2025-01-26,KwaZulu-Natal,Yoga Mat,Fitness,5,274.88,L. van der Merwe,1374.4
ORD10155,2025-01-27,KwaZulu-Natal,LED Desk Lamp,Home,5,359.09,T. Nkosi,1795.45
ORD11013,2025-01-27,Gauteng,Office Chair,Furniture,3,1570.08,M. Botha,4710.24
ORD11182,2025-01-28,Gauteng,USB-C Hub,Electronics,2,448.69,M. Botha,897.38
ORD10570,2025-01-28,Gauteng,USB-C Hub,Electronics,1,434.74,M. Botha,434.74
ORD10512,2025-01-28,Free State,Office Chair,Furniture,5,1457.34,R. Naidoo,7286.7
ORD11010,2025-01-28,Gauteng,USB-C Hub,Electronics,3,439.82,R. Naidoo,1319.46
ORD10729,2025-01-29,Western Cape,USB-C Hub,Electronics,3,433.43,R. Naidoo,1300.29
ORD10244,2025-01-29,Eastern Cape,Wireless Mouse,Electronics,2,250.98,M. Botha,501.96
ORD10710,2025-01-29,KwaZulu-Natal,USB-C Hub,Electronics,1,434.17,T. Nkosi,434.17
ORD10678,2025-01-29,Eastern Cape,USB-C Hub,Electronics,3,421.85,S. Dlamini,1265.55
ORD11096,2025-01-29,Eastern Cape,Notebook Set,Stationery,5,87.67,T. Nkosi,438.35
ORD10768,2025-01-29,Free State,Water Bottle,Fitness,10,149.93,S. Dlamini,1499.3
ORD10620,2025-01-29,Eastern Cape,Office Chair,Furniture,10,1541.57,M. Botha,15415.7
ORD10906,2025-01-29,KwaZulu-Natal,USB-C Hub,Electronics,1,410.21,M. Botha,410.21
ORD10026,2025-01-30,KwaZulu-Natal,Yoga Mat,Fitness,10,269.37,S. Dlamini,2693.7
ORD10388,2025-01-30,Free State,Water Bottle,Fitness,1,144.42,T. Nkosi,144.42
ORD11038,2025-01-30,Gauteng,Bluetooth Speaker,Electronics,2,625.65,S. Dlamini,1251.3
ORD10236,2025-01-30,Gauteng,Yoga Mat,Fitness,1,279.37,S. Dlamini,279.37
ORD10230,2025-02-01,Free State,Backpack,Accessories,2,912.82,R. Naidoo,1825.64
ORD10769,2025-02-01,Free State,Yoga Mat,Fitness,3,286.43,M. Botha,859.29
ORD10395,2025-02-02,Gauteng,Bluetooth Speaker,Electronics,2,586.93,S. Dlamini,1173.86
ORD10292,2025-02-02,Eastern Cape,USB-C Hub,Electronics,2,416.38,M. Botha,832.76
ORD10553,2025-02-02,Western Cape,USB-C Hub,Electronics,3,440.84,L. van der Merwe,1322.52
ORD10011,2025-02-02,Gauteng,Wireless Mouse,Electronics,1,257.29,R. Naidoo,257.29
ORD10173,2025-02-04,Gauteng,Yoga Mat,Fitness,3,272.13,L. van der Merwe,816.39
ORD10909,2025-02-04,Eastern Cape,Wireless Mouse,Electronics,2,240.19,M. Botha,480.38
ORD10888,2025-02-05,Free State,Backpack,Accessories,1,868.56,T. Nkosi,868.56
ORD10677,2025-02-05,Eastern Cape,Yoga Mat,Fitness,5,288.6,T. Nkosi,1443.0
ORD10501,2025-02-05,Eastern Cape,LED Desk Lamp,Home,2,350.12,M. Botha,700.24
ORD10041,2025-02-05,Western Cape,Standing Desk,Furniture,2,3265.5,S. Dlamini,6531.0
ORD10316,2025-02-05,Western Cape,Notebook Set,Stationery,1,91.26,M. Botha,91.26
ORD10541,2025-02-06,KwaZulu-Natal,Wireless Mouse,Electronics,1,238.89,L. van der Merwe,238.89
ORD10820,2025-02-06,Western Cape,Office Chair,Furniture,2,1472.49,T. Nkosi,2944.98
ORD10931,2025-02-06,KwaZulu-Natal,Bluetooth Speaker,Electronics,2,624.55,T. Nkosi,1249.1
ORD10191,2025-02-07,Eastern Cape,Notebook Set,Stationery,5,92.41,S. Dlamini,462.05
ORD11148,2025-02-07,Western Cape,LED Desk Lamp,Home,1,349.19,T. Nkosi,349.19
ORD10359,2025-02-07,Free State,Office Chair,Furniture,1,1550.94,R. Naidoo,1550.94
ORD10250,2025-02-07,Gauteng,Standing Desk,Furniture,5,3356.29,M. Botha,16781.45
ORD10050,2025-02-07,Western Cape,Standing Desk,Furniture,1,3214.82,R. Naidoo,3214.82
ORD10450,2025-02-07,Gauteng,Backpack,Accessories,10,925.06,M. Botha,9250.6
ORD10268,2025-02-08,Gauteng,Office Chair,Furniture,1,1438.69,M. Botha,1438.69
ORD10114,2025-02-08,Eastern Cape,Notebook Set,Stationery,3,92.73,L. van der Merwe,278.19
ORD11098,2025-02-09,Western Cape,Backpack,Accessories,1,886.89,M. Botha,886.89
ORD10827,2025-02-09,KwaZulu-Natal,Office Chair,Furniture,5,1468.34,M. Botha,7341.7
ORD10184,2025-02-09,Gauteng,Backpack,Accessories,10,939.35,M. Botha,9393.5
ORD10276,2025-02-09,Western Cape,Bluetooth Speaker,Electronics,2,594.27,S. Dlamini,1188.54
ORD11187,2025-02-09,Eastern Cape,Yoga Mat,Fitness,1,270.0,T. Nkosi,270.0
ORD10892,2025-02-09,Eastern Cape,Water Bottle,Fitness,1,153.28,R. Naidoo,153.28
ORD10363,2025-02-09,KwaZulu-Natal,Backpack,Accessories,1,938.26,S. Dlamini,938.26
ORD10179,2025-02-10,Eastern Cape,Yoga Mat,Fitness,2,287.4,M. Botha,574.8
ORD10233,2025-02-11,Eastern Cape,Water Bottle,Fitness,2,151.69,M. Botha,303.38
ORD10982,2025-02-11,Gauteng,Bluetooth Speaker,Electronics,5,611.34,R. Naidoo,3056.7
ORD10403,2025-02-11,Eastern Cape,LED Desk Lamp,Home,1,343.08,S. Dlamini,343.08
ORD10715,2025-02-11,KwaZulu-Natal,Backpack,Accessories,2,934.23,L. van der Merwe,1868.46
ORD10974,2025-02-12,Eastern Cape,Backpack,Accessories,10,855.83,M. Botha,8558.3
ORD10264,2025-02-12,Eastern Cape,USB-C Hub,Electronics,1,434.87,R. Naidoo,434.87
ORD11124,2025-02-12,Western Cape,Wireless Mouse,Electronics,5,244.24,T. Nkosi,1221.2
ORD10758,2025-02-13,Eastern Cape,Wireless Mouse,Electronics,5,248.44,L. van der Merwe,1242.2
ORD10905,2025-02-13,Free State,Backpack,Accessories,1,910.27,T. Nkosi,910.27
ORD11001,2025-02-14,Eastern Cape,USB-C Hub,Electronics,2,417.14,T. Nkosi,834.28
ORD10623,2025-02-14,Gauteng,Backpack,Accessories,2,892.88,L. van der Merwe,1785.76
ORD10302,2025-02-14,KwaZulu-Natal,Standing Desk,Furniture,10,3220.75,T. Nkosi,32207.5
ORD10500,2025-02-14,Gauteng,Office Chair,Furniture,2,1522.24,R. Naidoo,3044.48
ORD10587,2025-02-14,Western Cape,Notebook Set,Stationery,3,93.56,M. Botha,280.68
ORD10879,2025-02-15,Gauteng,Bluetooth Speaker,Electronics,1,586.14,S. Dlamini,586.14
ORD10873,2025-02-15,Eastern Cape,Water Bottle,Fitness,10,143.77,R. Naidoo,1437.7
ORD10998,2025-02-15,Western Cape,Standing Desk,Furniture,1,3382.55,R. Naidoo,3382.55
ORD10821,2025-02-15,KwaZulu-Natal,USB-C Hub,Electronics,2,448.95,L. van der Merwe,897.9
ORD10112,2025-02-16,KwaZulu-Natal,Wireless Mouse,Electronics,1,251.98,S. Dlamini,251.98
ORD10496,2025-02-16,KwaZulu-Natal,USB-C Hub,Electronics,1,424.24,R. Naidoo,424.24
ORD10946,2025-02-16,Free State,LED Desk Lamp,Home,10,348.2,R. Naidoo,3482.0
ORD10368,2025-02-17,Eastern Cape,Office Chair,Furniture,1,1506.05,M. Botha,1506.05
ORD11147,2025-02-17,Gauteng,Backpack,Accessories,1,879.44,R. Naidoo,879.44
ORD11102,2025-02-17,KwaZulu-Natal,Water Bottle,Fitness,5,155.43,L. van der Merwe,777.15
ORD10451,2025-02-17,Western Cape,Standing Desk,Furniture,1,3271.27,L. van der Merwe,3271.27
ORD10345,2025-02-18,Gauteng,Office Chair,Furniture,10,1507.39,T. Nkosi,15073.9
ORD10741,2025-02-18,Free State,Notebook Set,Stationery,2,92.39,M. Botha,184.78
ORD10693,2025-02-18,Free State,Wireless Mouse,Electronics,2,240.43,M. Botha,480.86
ORD10288,2025-02-19,KwaZulu-Natal,Notebook Set,Stationery,2,90.18,R. Naidoo,180.36
ORD10559,2025-02-19,Gauteng,Wireless Mouse,Electronics,1,261.1,L. van der Merwe,261.1
ORD10742,2025-02-19,KwaZulu-Natal,LED Desk Lamp,Home,2,355.98,L. van der Merwe,711.96
ORD11109,2025-02-19,KwaZulu-Natal,Standing Desk,Furniture,3,3455.32,R. Naidoo,10365.96
ORD10749,2025-02-19,KwaZulu-Natal,Bluetooth Speaker,Electronics,1,587.12,M. Botha,587.12
ORD10762,2025-02-20,Eastern Cape,Notebook Set,Stationery,2,91.15,T. Nkosi,182.3
ORD10752,2025-02-20,Western Cape,Standing Desk,Furniture,1,3431.51,M. Botha,3431.51
ORD10774,2025-02-20,Gauteng,Backpack,Accessories,5,905.32,T. Nkosi,4526.6
ORD10466,2025-02-20,Gauteng,Backpack,Accessories,1,880.18,M. Botha,880.18
ORD11180,2025-02-20,Eastern Cape,Office Chair,Furniture,3,1432.02,R. Naidoo,4296.06
ORD11061,2025-02-21,KwaZulu-Natal,Wireless Mouse,Electronics,2,249.29,L. van der Merwe,498.58
ORD10844,2025-02-21,Eastern Cape,Bluetooth Speaker,Electronics,1,581.0,R. Naidoo,581.0
ORD10514,2025-02-21,KwaZulu-Natal,Yoga Mat,Fitness,1,283.86,S. Dlamini,283.86
ORD10689,2025-02-21,Western Cape,Water Bottle,Fitness,2,155.34,L. van der Merwe,310.68
ORD10495,2025-02-21,Gauteng,Office Chair,Furniture,10,1541.44,M. Botha,15414.4
ORD11189,2025-02-21,KwaZulu-Natal,Backpack,Accessories,1,921.92,S. Dlamini,921.92
ORD10962,2025-02-22,Western Cape,Bluetooth Speaker,Electronics,2,615.03,S. Dlamini,1230.06
ORD10315,2025-02-22,Gauteng,Yoga Mat,Fitness,5,267.54,S. Dlamini,1337.7
ORD10367,2025-02-23,Gauteng,Yoga Mat,Fitness,2,265.61,S. Dlamini,531.22
ORD10638,2025-02-24,Free State,LED Desk Lamp,Home,1,346.2,M. Botha,346.2
ORD10022,2025-02-25,Gauteng,Wireless Mouse,Electronics,5,255.7,L. van der Merwe,1278.5
ORD10554,2025-02-26,Eastern Cape,Water Bottle,Fitness,2,146.36,M. Botha,292.72
ORD10767,2025-02-26,Eastern Cape,Yoga Mat,Fitness,2,285.02,M. Botha,570.04
ORD11188,2025-02-26,KwaZulu-Natal,Backpack,Accessories,1,897.95,T. Nkosi,897.95
ORD10920,2025-02-26,Gauteng,Notebook Set,Stationery,1,88.9,L. van der Merwe,88.9
ORD10242,2025-02-27,Eastern Cape,Standing Desk,Furniture,1,3224.99,R. Naidoo,3224.99
ORD10575,2025-02-27,KwaZulu-Natal,Bluetooth Speaker,Electronics,3,610.07,R. Naidoo,1830.21
ORD10882,2025-02-28,Free State,Standing Desk,Furniture,10,3301.84,T. Nkosi,33018.4
ORD10094,2025-02-28,Western Cape,Standing Desk,Furniture,1,3316.24,T. Nkosi,3316.24
ORD10420,2025-02-28,Free State,Yoga Mat,Fitness,1,275.45,R. Naidoo,275.45
ORD10603,2025-02-28,KwaZulu-Natal,Bluetooth Speaker,Electronics,1,612.08,S. Dlamini,612.08
ORD10295,2025-03-01,Free State,Backpack,Accessories,1,882.21,S. Dlamini,882.21
ORD10287,2025-03-01,Eastern Cape,Wireless Mouse,Electronics,2,247.89,S. Dlamini,495.78
ORD10997,2025-03-01,Gauteng,Yoga Mat,Fitness,10,269.74,M. Botha,2697.4
ORD10662,2025-03-01,Western Cape,Office Chair,Furniture,1,1520.32,L. van der Merwe,1520.32
ORD10765,2025-03-02,Free State,LED Desk Lamp,Home,1,366.65,R. Naidoo,366.65
ORD10849,2025-03-02,Free State,Backpack,Accessories,1,899.66,S. Dlamini,899.66
ORD10746,2025-03-02,Free State,Yoga Mat,Fitness,1,284.86,L. van der Merwe,284.86
ORD10868,2025-03-02,Eastern Cape,Yoga Mat,Fitness,1,291.39,T. Nkosi,291.39
ORD10881,2025-03-03,Western Cape,LED Desk Lamp,Home,3,341.04,L. van der Merwe,1023.12
ORD10949,2025-03-04,Gauteng,Notebook Set,Stationery,10,89.19,T. Nkosi,891.9
ORD11020,2025-03-04,Western Cape,Bluetooth Speaker,Electronics,1,602.28,L. van der Merwe,602.28
ORD11016,2025-03-04,KwaZulu-Natal,USB-C Hub,Electronics,3,408.05,M. Botha,1224.15
ORD10093,2025-03-04,KwaZulu-Natal,Standing Desk,Furniture,2,3278.58,M. Botha,6557.16
ORD11167,2025-03-04,Eastern Cape,Wireless Mouse,Electronics,10,249.82,M. Botha,2498.2
ORD10052,2025-03-04,Western Cape,USB-C Hub,Electronics,10,409.7,L. van der Merwe,4097.0
ORD10988,2025-03-05,Free State,Yoga Mat,Fitness,1,267.28,T. Nkosi,267.28
ORD10965,2025-03-05,Western Cape,Water Bottle,Fitness,2,141.87,L. van der Merwe,283.74
ORD10978,2025-03-05,KwaZulu-Natal,Yoga Mat,Fitness,5,289.74,M. Botha,1448.7
ORD11031,2025-03-05,Eastern Cape,Bluetooth Speaker,Electronics,5,626.06,M. Botha,3130.3
ORD11132,2025-03-05,KwaZulu-Natal,Wireless Mouse,Electronics,1,245.04,R. Naidoo,245.04
ORD11137,2025-03-05,Western Cape,Standing Desk,Furniture,5,3171.82,R. Naidoo,15859.1
ORD10754,2025-03-05,Free State,Standing Desk,Furniture,5,3171.28,T. Nkosi,15856.4
ORD10884,2025-03-06,Free State,Water Bottle,Fitness,2,152.92,M. Botha,305.84
ORD10858,2025-03-06,Western Cape,USB-C Hub,Electronics,1,409.14,L. van der Merwe,409.14
ORD10305,2025-03-06,Western Cape,Bluetooth Speaker,Electronics,1,628.5,L. van der Merwe,628.5
ORD10158,2025-03-07,Gauteng,Backpack,Accessories,5,911.9,R. Naidoo,4559.5
ORD10810,2025-03-07,KwaZulu-Natal,Bluetooth Speaker,Electronics,1,584.65,S. Dlamini,584.65
ORD10936,2025-03-07,Eastern Cape,Standing Desk,Furniture,1,3257.66,T. Nkosi,3257.66
ORD10035,2025-03-08,Gauteng,Wireless Mouse,Electronics,2,238.59,L. van der Merwe,477.18
ORD10423,2025-03-08,Eastern Cape,Backpack,Accessories,1,931.6,R. Naidoo,931.6
ORD10864,2025-03-08,Eastern Cape,Office Chair,Furniture,1,1437.88,L. van der Merwe,1437.88
ORD10346,2025-03-08,Gauteng,Office Chair,Furniture,1,1548.52,R. Naidoo,1548.52
ORD10132,2025-03-08,Gauteng,Bluetooth Speaker,Electronics,1,613.65,M. Botha,613.65
ORD10717,2025-03-09,Gauteng,Water Bottle,Fitness,5,156.0,S. Dlamini,780.0
ORD10124,2025-03-09,Western Cape,Office Chair,Furniture,1,1440.53,S. Dlamini,1440.53
ORD10592,2025-03-09,KwaZulu-Natal,USB-C Hub,Electronics,2,414.07,T. Nkosi,828.14
ORD10658,2025-03-09,Gauteng,Yoga Mat,Fitness,1,288.81,S. Dlamini,288.81
ORD10020,2025-03-09,Gauteng,LED Desk Lamp,Home,2,355.41,L. van der Merwe,710.82
ORD11039,2025-03-11,Eastern Cape,Water Bottle,Fitness,5,151.64,R. Naidoo,758.2
ORD10096,2025-03-11,Western Cape,Water Bottle,Fitness,2,155.29,S. Dlamini,310.58
ORD10164,2025-03-12,Free State,USB-C Hub,Electronics,1,442.59,T. Nkosi,442.59
ORD10970,2025-03-14,Gauteng,Wireless Mouse,Electronics,1,261.33,L. van der Merwe,261.33
ORD11084,2025-03-14,Gauteng,Wireless Mouse,Electronics,1,250.28,L. van der Merwe,250.28
ORD10207,2025-03-15,Eastern Cape,Bluetooth Speaker,Electronics,3,602.46,M. Botha,1807.38
ORD10996,2025-03-15,Eastern Cape,USB-C Hub,Electronics,5,420.16,L. van der Merwe,2100.8
ORD11128,2025-03-16,Free State,Water Bottle,Fitness,1,152.32,S. Dlamini,152.32
ORD10218,2025-03-16,Free State,Backpack,Accessories,5,927.62,T. Nkosi,4638.1
ORD11011,2025-03-16,Free State,Office Chair,Furniture,10,1528.37,L. van der Merwe,15283.7
ORD10750,2025-03-16,Free State,Standing Desk,Furniture,1,3355.28,M. Botha,3355.28
ORD10475,2025-03-16,Eastern Cape,Office Chair,Furniture,1,1508.95,S. Dlamini,1508.95
ORD11057,2025-03-16,Western Cape,Bluetooth Speaker,Electronics,1,585.45,T. Nkosi,585.45
ORD10572,2025-03-17,Free State,Backpack,Accessories,2,892.88,S. Dlamini,1785.76
ORD11012,2025-03-17,Gauteng,Standing Desk,Furniture,1,3357.83,R. Naidoo,3357.83
ORD10923,2025-03-18,Western Cape,USB-C Hub,Electronics,2,444.21,L. van der Merwe,888.42
ORD10169,2025-03-18,Free State,Yoga Mat,Fitness,1,265.58,T. Nkosi,265.58
ORD10694,2025-03-18,Western Cape,Water Bottle,Fitness,2,145.67,R. Naidoo,291.34
ORD10402,2025-03-19,Free State,Standing Desk,Furniture,5,3308.84,L. van der Merwe,16544.2
ORD10412,2025-03-20,Eastern Cape,USB-C Hub,Electronics,1,431.03,T. Nkosi,431.03
ORD10324,2025-03-20,Eastern Cape,USB-C Hub,Electronics,1,435.03,T. Nkosi,435.03
ORD10822,2025-03-20,Eastern Cape,Office Chair,Furniture,2,1521.06,S. Dlamini,3042.12
ORD10836,2025-03-20,Eastern Cape,Notebook Set,Stationery,10,89.29,R. Naidoo,892.9
ORD10532,2025-03-21,Western Cape,Water Bottle,Fitness,10,146.14,T. Nkosi,1461.4
ORD11047,2025-03-21,Free State,Water Bottle,Fitness,5,143.4,L. van der Merwe,717.0
ORD11122,2025-03-21,Western Cape,Yoga Mat,Fitness,1,272.82,L. van der Merwe,272.82
ORD10566,2025-03-21,Gauteng,LED Desk Lamp,Home,1,335.32,S. Dlamini,335.32
ORD10976,2025-03-21,Eastern Cape,Backpack,Accessories,3,866.34,T. Nkosi,2599.02
ORD10948,2025-03-22,Western Cape,USB-C Hub,Electronics,5,437.52,M. Botha,2187.6
ORD10547,2025-03-22,Free State,Wireless Mouse,Electronics,2,246.78,T. Nkosi,493.56
ORD10590,2025-03-22,Western Cape,Water Bottle,Fitness,1,151.33,T. Nkosi,151.33
ORD10107,2025-03-22,KwaZulu-Natal,Yoga Mat,Fitness,10,290.19,R. Naidoo,2901.9
ORD10784,2025-03-23,Free State,Yoga Mat,Fitness,5,283.1,L. van der Merwe,1415.5
ORD10002,2025-03-23,Western Cape,USB-C Hub,Electronics,2,442.27,S. Dlamini,884.54
ORD10201,2025-03-23,Gauteng,Bluetooth Speaker,Electronics,5,620.81,M. Botha,3104.05
ORD10182,2025-03-23,Gauteng,Wireless Mouse,Electronics,3,250.32,L. van der Merwe,750.96
ORD10193,2025-03-24,Free State,USB-C Hub,Electronics,1,429.78,L. van der Merwe,429.78
ORD10953,2025-03-24,Free State,Bluetooth Speaker,Electronics,10,577.45,T. Nkosi,5774.5
ORD10721,2025-03-24,Western Cape,Wireless Mouse,Electronics,2,248.89,L. van der Merwe,497.78
ORD10843,2025-03-24,Eastern Cape,Notebook Set,Stationery,3,92.65,S. Dlamini,277.95
ORD11149,2025-03-24,Eastern Cape,Standing Desk,Furniture,3,3343.06,S. Dlamini,10029.18
ORD10813,2025-03-25,Western Cape,Standing Desk,Furniture,2,3194.47,R. Naidoo,6388.94
ORD10743,2025-03-25,Western Cape,Wireless Mouse,Electronics,3,256.96,L. van der Merwe,770.88
ORD10866,2025-03-25,Eastern Cape,Yoga Mat,Fitness,10,285.46,M. Botha,2854.6
ORD11126,2025-03-26,Gauteng,Office Chair,Furniture,5,1475.32,S. Dlamini,7376.6
ORD10433,2025-03-26,KwaZulu-Natal,LED Desk Lamp,Home,3,356.56,L. van der Merwe,1069.68
ORD10365,2025-03-27,Gauteng,Notebook Set,Stationery,1,88.96,R. Naidoo,88.96
ORD10421,2025-03-27,KwaZulu-Natal,Yoga Mat,Fitness,10,287.37,L. van der Merwe,2873.7
ORD10378,2025-03-27,Free State,Wireless Mouse,Electronics,1,261.22,L. van der Merwe,261.22
ORD10523,2025-03-27,Free State,USB-C Hub,Electronics,10,434.65,R. Naidoo,4346.5
ORD10404,2025-03-28,KwaZulu-Natal,Office Chair,Furniture,1,1491.81,R. Naidoo,1491.81
ORD10048,2025-03-28,Eastern Cape,Yoga Mat,Fitness,10,287.2,S. Dlamini,2872.0
ORD10772,2025-03-28,Free State,Notebook Set,Stationery,1,93.31,M. Botha,93.31
ORD10954,2025-03-28,Gauteng,Backpack,Accessories,2,865.21,T. Nkosi,1730.42
ORD10529,2025-03-29,Western Cape,Standing Desk,Furniture,10,3340.73,T. Nkosi,33407.3
ORD10604,2025-03-29,Free State,Bluetooth Speaker,Electronics,1,591.73,M. Botha,591.73
ORD10195,2025-03-29,Free State,Notebook Set,Stationery,1,90.82,M. Botha,90.82
ORD10419,2025-03-29,Gauteng,Bluetooth Speaker,Electronics,1,620.08,S. Dlamini,620.08
ORD10802,2025-03-29,Free State,USB-C Hub,Electronics,2,413.95,T. Nkosi,827.9
ORD10799,2025-03-30,KwaZulu-Natal,USB-C Hub,Electronics,10,445.02,S. Dlamini,4450.2
ORD10960,2025-03-30,Eastern Cape,USB-C Hub,Electronics,2,416.72,R. Naidoo,833.44
ORD10082,2025-03-30,Western Cape,Bluetooth Speaker,Electronics,2,608.61,L. van der Merwe,1217.22
ORD10711,2025-03-31,Eastern Cape,Bluetooth Speaker,Electronics,10,606.14,M. Botha,6061.4
ORD10696,2025-04-01,Eastern Cape,Backpack,Accessories,1,920.61,T. Nkosi,920.61
ORD10042,2025-04-02,Eastern Cape,Water Bottle,Fitness,1,143.27,T. Nkosi,143.27
ORD10829,2025-04-02,Free State,Notebook Set,Stationery,1,86.52,R. Naidoo,86.52
ORD11087,2025-04-02,Gauteng,LED Desk Lamp,Home,1,363.33,M. Botha,363.33
ORD10876,2025-04-03,Western Cape,Water Bottle,Fitness,1,143.34,S. Dlamini,143.34
ORD10815,2025-04-03,Western Cape,Bluetooth Speaker,Electronics,3,574.66,M. Botha,1723.98
ORD11060,2025-04-04,KwaZulu-Natal,LED Desk Lamp,Home,2,348.62,T. Nkosi,697.24
ORD11091,2025-04-04,Eastern Cape,Backpack,Accessories,1,862.18,S. Dlamini,862.18
ORD10374,2025-04-05,Eastern Cape,USB-C Hub,Electronics,2,411.46,R. Naidoo,822.92
ORD10078,2025-04-05,Gauteng,Yoga Mat,Fitness,2,278.15,S. Dlamini,556.3
ORD10247,2025-04-05,Free State,USB-C Hub,Electronics,5,425.06,L. van der Merwe,2125.3
ORD10185,2025-04-06,Eastern Cape,LED Desk Lamp,Home,2,340.75,M. Botha,681.5
ORD10349,2025-04-06,Gauteng,Yoga Mat,Fitness,5,269.87,S. Dlamini,1349.35
ORD10027,2025-04-06,Gauteng,Wireless Mouse,Electronics,1,238.91,M. Botha,238.91
ORD10935,2025-04-07,Free State,Water Bottle,Fitness,10,146.63,R. Naidoo,1466.3
ORD10803,2025-04-08,Eastern Cape,Water Bottle,Fitness,10,143.32,S. Dlamini,1433.2
ORD10841,2025-04-09,KwaZulu-Natal,Backpack,Accessories,5,855.92,S. Dlamini,4279.6
ORD10987,2025-04-09,Eastern Cape,Bluetooth Speaker,Electronics,1,581.09,R. Naidoo,581.09
ORD10549,2025-04-09,Western Cape,Yoga Mat,Fitness,3,287.52,R. Naidoo,862.56
ORD10226,2025-04-09,Free State,Water Bottle,Fitness,1,154.23,S. Dlamini,154.23
ORD10951,2025-04-10,Gauteng,Wireless Mouse,Electronics,5,246.08,T. Nkosi,1230.4
ORD10465,2025-04-10,Western Cape,Water Bottle,Fitness,1,144.84,L. van der Merwe,144.84
ORD10919,2025-04-11,KwaZulu-Natal,Standing Desk,Furniture,3,3413.65,L. van der Merwe,10240.95
ORD11199,2025-04-11,KwaZulu-Natal,LED Desk Lamp,Home,1,356.95,M. Botha,356.95
ORD10918,2025-04-12,Eastern Cape,Notebook Set,Stationery,3,85.89,L. van der Merwe,257.67
ORD10291,2025-04-12,Western Cape,Office Chair,Furniture,5,1428.43,M. Botha,7142.15
ORD10673,2025-04-13,KwaZulu-Natal,Notebook Set,Stationery,10,86.12,L. van der Merwe,861.2
ORD10577,2025-04-13,Eastern Cape,Backpack,Accessories,10,858.08,L. van der Merwe,8580.8
ORD10679,2025-04-14,KwaZulu-Natal,Water Bottle,Fitness,10,152.88,M. Botha,1528.8
ORD10509,2025-04-14,Western Cape,Yoga Mat,Fitness,2,289.4,M. Botha,578.8
ORD10234,2025-04-14,Gauteng,LED Desk Lamp,Home,1,360.99,L. van der Merwe,360.99
ORD10966,2025-04-14,Western Cape,USB-C Hub,Electronics,1,413.45,R. Naidoo,413.45
ORD11065,2025-04-14,Gauteng,Yoga Mat,Fitness,3,273.46,T. Nkosi,820.38
ORD10589,2025-04-14,Western Cape,Water Bottle,Fitness,2,148.29,S. Dlamini,296.58
ORD10493,2025-04-15,Eastern Cape,Water Bottle,Fitness,2,156.33,M. Botha,312.66
ORD10141,2025-04-15,Gauteng,Notebook Set,Stationery,5,94.35,L. van der Merwe,471.75
ORD11184,2025-04-15,Gauteng,USB-C Hub,Electronics,2,428.79,S. Dlamini,857.58
ORD10857,2025-04-16,Gauteng,LED Desk Lamp,Home,1,356.5,S. Dlamini,356.5
ORD10303,2025-04-16,Western Cape,Standing Desk,Furniture,5,3188.81,T. Nkosi,15944.05
ORD10644,2025-04-16,Eastern Cape,Office Chair,Furniture,5,1516.32,S. Dlamini,7581.6
ORD10943,2025-04-16,Free State,Office Chair,Furniture,10,1535.45,L. van der Merwe,15354.5
ORD10616,2025-04-17,Gauteng,Standing Desk,Furniture,1,3287.42,R. Naidoo,3287.42
ORD11131,2025-04-18,Western Cape,Standing Desk,Furniture,1,3332.3,M. Botha,3332.3
ORD10890,2025-04-18,Eastern Cape,Notebook Set,Stationery,2,91.45,M. Botha,182.9
ORD10934,2025-04-18,Gauteng,Backpack,Accessories,1,931.86,L. van der Merwe,931.86
ORD10061,2025-04-19,Western Cape,USB-C Hub,Electronics,1,409.71,S. Dlamini,409.71
ORD10017,2025-04-19,Free State,Yoga Mat,Fitness,2,279.77,S. Dlamini,559.54
ORD10219,2025-04-20,Gauteng,Notebook Set,Stationery,10,91.39,M. Botha,913.9
ORD10186,2025-04-20,Free State,USB-C Hub,Electronics,2,440.8,R. Naidoo,881.6
ORD10456,2025-04-20,Free State,Office Chair,Furniture,1,1455.65,T. Nkosi,1455.65
ORD10699,2025-04-21,Gauteng,Standing Desk,Furniture,10,3151.98,L. van der Merwe,31519.8
ORD10703,2025-04-21,Western Cape,Water Bottle,Fitness,5,154.32,R. Naidoo,771.6
ORD10669,2025-04-22,Free State,Wireless Mouse,Electronics,1,260.95,T. Nkosi,260.95
ORD10545,2025-04-22,KwaZulu-Natal,Yoga Mat,Fitness,3,289.81,L. van der Merwe,869.43
ORD10301,2025-04-22,KwaZulu-Natal,Bluetooth Speaker,Electronics,1,614.57,T. Nkosi,614.57
ORD10506,2025-04-23,Eastern Cape,Wireless Mouse,Electronics,2,239.18,S. Dlamini,478.36
ORD10299,2025-04-23,Eastern Cape,Yoga Mat,Fitness,10,269.72,T. Nkosi,2697.2
ORD10254,2025-04-24,KwaZulu-Natal,Yoga Mat,Fitness,3,273.78,T. Nkosi,821.34
ORD10469,2025-04-24,KwaZulu-Natal,Backpack,Accessories,5,869.21,S. Dlamini,4346.05
ORD10704,2025-04-24,Gauteng,Notebook Set,Stationery,2,87.72,M. Botha,175.44
ORD10431,2025-04-25,Western Cape,Water Bottle,Fitness,3,146.96,S. Dlamini,440.88
ORD10167,2025-04-25,Free State,USB-C Hub,Electronics,2,424.12,S. Dlamini,848.24
ORD11000,2025-04-25,Free State,Office Chair,Furniture,1,1543.3,S. Dlamini,1543.3
ORD10375,2025-04-26,Western Cape,LED Desk Lamp,Home,1,341.23,M. Botha,341.23
ORD11007,2025-04-26,Eastern Cape,Notebook Set,Stationery,3,86.86,L. van der Merwe,260.58
ORD11085,2025-04-26,Western Cape,Wireless Mouse,Electronics,5,241.17,T. Nkosi,1205.85
ORD11030,2025-04-26,Gauteng,LED Desk Lamp,Home,3,359.22,T. Nkosi,1077.66
ORD10846,2025-04-27,Free State,Office Chair,Furniture,1,1474.68,M. Botha,1474.68
ORD10385,2025-04-27,KwaZulu-Natal,Notebook Set,Stationery,10,93.21,S. Dlamini,932.1
ORD10898,2025-04-27,Western Cape,Backpack,Accessories,1,877.39,L. van der Merwe,877.39
ORD10019,2025-04-28,Western Cape,Water Bottle,Fitness,1,142.61,T. Nkosi,142.61
ORD10087,2025-04-28,Gauteng,Backpack,Accessories,3,908.32,S. Dlamini,2724.96
ORD10106,2025-04-29,Gauteng,Office Chair,Furniture,2,1498.65,S. Dlamini,2997.3
ORD10258,2025-04-29,Gauteng,Wireless Mouse,Electronics,1,247.8,L. van der Merwe,247.8
ORD10718,2025-04-29,Eastern Cape,USB-C Hub,Electronics,2,415.66,R. Naidoo,831.32
ORD11111,2025-04-29,Western Cape,Office Chair,Furniture,1,1556.74,L. van der Merwe,1556.74
ORD11160,2025-04-30,Gauteng,LED Desk Lamp,Home,2,348.29,R. Naidoo,696.58
ORD10883,2025-04-30,Eastern Cape,LED Desk Lamp,Home,1,348.95,S. Dlamini,348.95
ORD10490,2025-04-30,Eastern Cape,Yoga Mat,Fitness,1,276.92,S. Dlamini,276.92
ORD10539,2025-04-30,KwaZulu-Natal,Bluetooth Speaker,Electronics,1,611.89,L. van der Merwe,611.89
ORD10517,2025-05-01,Western Cape,Yoga Mat,Fitness,2,287.77,R. Naidoo,575.54
ORD10024,2025-05-02,Gauteng,Water Bottle,Fitness,1,155.99,R. Naidoo,155.99
ORD10038,2025-05-02,Gauteng,Standing Desk,Furniture,5,3455.32,L. van der Merwe,17276.6
ORD10320,2025-05-03,Western Cape,Notebook Set,Stationery,5,88.15,R. Naidoo,440.75
ORD10220,2025-05-03,Free State,Notebook Set,Stationery,2,90.52,T. Nkosi,181.04
ORD10474,2025-05-03,Free State,Yoga Mat,Fitness,5,275.2,M. Botha,1376.0
ORD10029,2025-05-03,Eastern Cape,Bluetooth Speaker,Electronics,2,581.29,R. Naidoo,1162.58
ORD10261,2025-05-04,Eastern Cape,Water Bottle,Fitness,1,155.23,M. Botha,155.23
ORD10396,2025-05-04,KwaZulu-Natal,LED Desk Lamp,Home,2,338.61,M. Botha,677.22
ORD11173,2025-05-05,KwaZulu-Natal,Bluetooth Speaker,Electronics,1,590.2,T. Nkosi,590.2
ORD10073,2025-05-05,Eastern Cape,Yoga Mat,Fitness,1,273.26,M. Botha,273.26
ORD10639,2025-05-05,KwaZulu-Natal,Bluetooth Speaker,Electronics,2,604.42,R. Naidoo,1208.84
ORD10783,2025-05-06,Western Cape,Backpack,Accessories,2,864.26,R. Naidoo,1728.52
ORD10771,2025-05-06,Eastern Cape,Bluetooth Speaker,Electronics,3,593.72,L. van der Merwe,1781.16
ORD11079,2025-05-06,Western Cape,Office Chair,Furniture,2,1434.46,R. Naidoo,2868.92
ORD11055,2025-05-07,Western Cape,Office Chair,Furniture,1,1553.59,L. van der Merwe,1553.59
ORD10542,2025-05-08,KwaZulu-Natal,Standing Desk,Furniture,1,3174.29,R. Naidoo,3174.29
ORD10364,2025-05-08,Western Cape,LED Desk Lamp,Home,3,347.63,S. Dlamini,1042.89
ORD10993,2025-05-08,Gauteng,Office Chair,Furniture,2,1566.61,R. Naidoo,3133.22
ORD10023,2025-05-08,Free State,Standing Desk,Furniture,1,3273.23,R. Naidoo,3273.23
ORD10668,2025-05-09,Gauteng,USB-C Hub,Electronics,10,422.63,T. Nkosi,4226.3
ORD10282,2025-05-10,Gauteng,Notebook Set,Stationery,10,86.74,R. Naidoo,867.4
ORD10606,2025-05-10,Western Cape,Notebook Set,Stationery,1,94.13,R. Naidoo,94.13
ORD10793,2025-05-11,Eastern Cape,Standing Desk,Furniture,1,3434.19,T. Nkosi,3434.19
ORD10999,2025-05-12,Western Cape,Wireless Mouse,Electronics,5,256.65,T. Nkosi,1283.25
ORD10556,2025-05-12,Free State,Wireless Mouse,Electronics,10,250.64,S. Dlamini,2506.4
ORD10399,2025-05-13,KwaZulu-Natal,Water Bottle,Fitness,1,145.93,S. Dlamini,145.93
ORD10397,2025-05-13,KwaZulu-Natal,USB-C Hub,Electronics,1,435.67,R. Naidoo,435.67
ORD10845,2025-05-14,Western Cape,Notebook Set,Stationery,1,94.48,L. van der Merwe,94.48
ORD10013,2025-05-15,KwaZulu-Natal,Bluetooth Speaker,Electronics,1,596.23,M. Botha,596.23
ORD10196,2025-05-16,Gauteng,Wireless Mouse,Electronics,1,261.2,M. Botha,261.2
ORD10034,2025-05-16,Free State,Notebook Set,Stationery,3,87.32,S. Dlamini,261.96
ORD10811,2025-05-16,Eastern Cape,LED Desk Lamp,Home,2,353.45,R. Naidoo,706.9
ORD10448,2025-05-16,Free State,Office Chair,Furniture,5,1430.14,L. van der Merwe,7150.7
ORD10204,2025-05-16,Eastern Cape,Backpack,Accessories,1,930.21,R. Naidoo,930.21
ORD10354,2025-05-17,KwaZulu-Natal,Water Bottle,Fitness,1,143.04,L. van der Merwe,143.04
ORD11178,2025-05-17,Gauteng,Yoga Mat,Fitness,2,265.51,R. Naidoo,531.02
ORD10773,2025-05-17,Gauteng,LED Desk Lamp,Home,5,351.88,R. Naidoo,1759.4
ORD10229,2025-05-17,Western Cape,LED Desk Lamp,Home,2,345.43,S. Dlamini,690.86
ORD11071,2025-05-18,Free State,Yoga Mat,Fitness,2,288.83,L. van der Merwe,577.66
ORD10275,2025-05-18,Western Cape,Water Bottle,Fitness,5,144.08,L. van der Merwe,720.4
ORD10508,2025-05-18,Western Cape,Water Bottle,Fitness,3,146.82,L. van der Merwe,440.46
ORD11138,2025-05-18,Eastern Cape,USB-C Hub,Electronics,3,441.11,S. Dlamini,1323.33
ORD10700,2025-05-19,KwaZulu-Natal,USB-C Hub,Electronics,10,438.43,S. Dlamini,4384.3
ORD10595,2025-05-19,Western Cape,Standing Desk,Furniture,5,3386.27,L. van der Merwe,16931.35
ORD10165,2025-05-20,KwaZulu-Natal,Yoga Mat,Fitness,1,273.0,M. Botha,273.0
ORD10055,2025-05-20,Western Cape,Yoga Mat,Fitness,10,267.21,S. Dlamini,2672.1
ORD10530,2025-05-20,KwaZulu-Natal,LED Desk Lamp,Home,10,366.1,L. van der Merwe,3661.0
ORD10150,2025-05-21,Eastern Cape,Office Chair,Furniture,10,1490.34,S. Dlamini,14903.4
ORD10612,2025-05-21,Gauteng,Water Bottle,Fitness,10,143.55,M. Botha,1435.5
ORD10128,2025-05-21,Gauteng,Yoga Mat,Fitness,3,282.02,R. Naidoo,846.06
ORD10217,2025-05-21,KwaZulu-Natal,Yoga Mat,Fitness,3,280.69,T. Nkosi,842.07
ORD11194,2025-05-22,KwaZulu-Natal,Office Chair,Furniture,3,1482.66,L. van der Merwe,4447.98
ORD10874,2025-05-23,Eastern Cape,Standing Desk,Furniture,1,3450.12,L. van der Merwe,3450.12
ORD10967,2025-05-23,Gauteng,Standing Desk,Furniture,10,3377.93,T. Nkosi,33779.3
ORD10961,2025-05-23,Gauteng,LED Desk Lamp,Home,2,348.06,T. Nkosi,696.12
ORD10088,2025-05-23,Gauteng,Backpack,Accessories,10,900.7,M. Botha,9007.0
ORD11072,2025-05-23,Gauteng,Standing Desk,Furniture,2,3146.95,S. Dlamini,6293.9
ORD11154,2025-05-24,Free State,USB-C Hub,Electronics,2,431.54,T. Nkosi,863.08
ORD10894,2025-05-24,KwaZulu-Natal,Yoga Mat,Fitness,10,265.31,L. van der Merwe,2653.1
ORD10071,2025-05-24,Western Cape,LED Desk Lamp,Home,2,344.43,M. Botha,688.86
ORD10353,2025-05-24,Western Cape,Notebook Set,Stationery,3,90.86,R. Naidoo,272.58
ORD10617,2025-05-25,KwaZulu-Natal,Wireless Mouse,Electronics,10,237.77,T. Nkosi,2377.7
ORD11108,2025-05-25,KwaZulu-Natal,Wireless Mouse,Electronics,2,237.7,M. Botha,475.4
ORD11078,2025-05-25,Western Cape,Office Chair,Furniture,10,1565.46,S. Dlamini,15654.6
ORD11197,2025-05-25,KwaZulu-Natal,Yoga Mat,Fitness,2,265.49,T. Nkosi,530.98
ORD10804,2025-05-25,Eastern Cape,Yoga Mat,Fitness,5,288.94,R. Naidoo,1444.7
ORD11032,2025-05-25,Free State,Notebook Set,Stationery,1,90.25,M. Botha,90.25
ORD10467,2025-05-26,KwaZulu-Natal,Yoga Mat,Fitness,1,283.78,L. van der Merwe,283.78
ORD10631,2025-05-26,KwaZulu-Natal,Water Bottle,Fitness,2,143.66,L. van der Merwe,287.32
ORD10610,2025-05-26,Gauteng,Bluetooth Speaker,Electronics,5,628.57,R. Naidoo,3142.85
ORD10975,2025-05-26,Western Cape,Water Bottle,Fitness,2,147.22,M. Botha,294.44
ORD10110,2025-05-27,KwaZulu-Natal,USB-C Hub,Electronics,1,446.62,M. Botha,446.62
ORD10238,2025-05-27,Free State,Bluetooth Speaker,Electronics,1,628.12,L. van der Merwe,628.12
ORD10782,2025-05-27,KwaZulu-Natal,USB-C Hub,Electronics,2,443.84,S. Dlamini,887.68
ORD10151,2025-05-27,Gauteng,Water Bottle,Fitness,10,148.28,T. Nkosi,1482.8
ORD10103,2025-05-28,Free State,Yoga Mat,Fitness,1,271.6,T. Nkosi,271.6
ORD10578,2025-05-28,Gauteng,Bluetooth Speaker,Electronics,2,625.89,S. Dlamini,1251.78
ORD11196,2025-05-29,Eastern Cape,Wireless Mouse,Electronics,10,254.51,S. Dlamini,2545.1
ORD10304,2025-05-29,KwaZulu-Natal,Backpack,Accessories,10,883.15,M. Botha,8831.5
ORD10005,2025-05-29,Free State,LED Desk Lamp,Home,1,333.63,L. van der Merwe,333.63
ORD10725,2025-05-29,Western Cape,LED Desk Lamp,Home,3,354.65,M. Botha,1063.95
ORD10657,2025-05-30,Gauteng,Notebook Set,Stationery,1,90.65,S. Dlamini,90.65
ORD10912,2025-05-30,Free State,Backpack,Accessories,1,896.26,T. Nkosi,896.26
ORD10438,2025-05-31,Eastern Cape,USB-C Hub,Electronics,2,424.62,L. van der Merwe,849.24
ORD11153,2025-05-31,Eastern Cape,Notebook Set,Stationery,1,88.63,R. Naidoo,88.63
ORD10550,2025-05-31,Western Cape,LED Desk Lamp,Home,1,348.99,L. van der Merwe,348.99
ORD10231,2025-06-01,Western Cape,Notebook Set,Stationery,2,91.7,M. Botha,183.4
ORD10443,2025-06-01,Western Cape,Notebook Set,Stationery,2,86.81,M. Botha,173.62
ORD10076,2025-06-01,Eastern Cape,Standing Desk,Furniture,2,3457.52,S. Dlamini,6915.04
ORD10180,2025-06-01,Free State,Office Chair,Furniture,3,1439.43,R. Naidoo,4318.29
ORD11114,2025-06-01,KwaZulu-Natal,Office Chair,Furniture,10,1438.16,T. Nkosi,14381.6
ORD10227,2025-06-01,Eastern Cape,Office Chair,Furniture,1,1426.16,L. van der Merwe,1426.16
ORD10880,2025-06-02,Western Cape,USB-C Hub,Electronics,3,415.33,T. Nkosi,1245.99
ORD11045,2025-06-02,Eastern Cape,Backpack,Accessories,3,854.58,T. Nkosi,2563.74
ORD10216,2025-06-02,Western Cape,Yoga Mat,Fitness,2,280.62,L. van der Merwe,561.24
ORD10565,2025-06-03,Free State,Notebook Set,Stationery,1,94.43,L. van der Merwe,94.43
ORD10045,2025-06-03,Gauteng,USB-C Hub,Electronics,3,436.01,R. Naidoo,1308.03
ORD10377,2025-06-03,Eastern Cape,Wireless Mouse,Electronics,10,251.81,R. Naidoo,2518.1
ORD11088,2025-06-04,Free State,LED Desk Lamp,Home,5,337.28,S. Dlamini,1686.4
ORD10108,2025-06-04,Free State,LED Desk Lamp,Home,5,356.15,R. Naidoo,1780.75
ORD10808,2025-06-04,Free State,LED Desk Lamp,Home,1,340.89,S. Dlamini,340.89
ORD10692,2025-06-04,Gauteng,Backpack,Accessories,10,909.07,R. Naidoo,9090.7
ORD10343,2025-06-05,Eastern Cape,Notebook Set,Stationery,1,86.3,L. van der Merwe,86.3
ORD10334,2025-06-05,Gauteng,LED Desk Lamp,Home,1,344.92,R. Naidoo,344.92
ORD11059,2025-06-05,Eastern Cape,LED Desk Lamp,Home,1,349.84,S. Dlamini,349.84
ORD10763,2025-06-05,Gauteng,Yoga Mat,Fitness,5,281.92,T. Nkosi,1409.6
ORD10081,2025-06-06,Eastern Cape,USB-C Hub,Electronics,2,431.54,M. Botha,863.08
ORD11037,2025-06-06,Free State,USB-C Hub,Electronics,2,434.82,S. Dlamini,869.64
ORD10393,2025-06-06,Western Cape,Office Chair,Furniture,2,1461.88,R. Naidoo,2923.76
ORD10470,2025-06-06,Western Cape,LED Desk Lamp,Home,10,348.2,M. Botha,3482.0
ORD10576,2025-06-06,KwaZulu-Natal,LED Desk Lamp,Home,3,344.07,S. Dlamini,1032.21
ORD10869,2025-06-06,KwaZulu-Natal,Bluetooth Speaker,Electronics,1,600.36,S. Dlamini,600.36
ORD10605,2025-06-07,Western Cape,Office Chair,Furniture,1,1539.35,R. Naidoo,1539.35
ORD10494,2025-06-07,Eastern Cape,Water Bottle,Fitness,3,149.88,R. Naidoo,449.64
ORD10202,2025-06-07,Western Cape,LED Desk Lamp,Home,10,366.83,T. Nkosi,3668.3
ORD10015,2025-06-07,Eastern Cape,LED Desk Lamp,Home,1,364.5,T. Nkosi,364.5
ORD10685,2025-06-07,Gauteng,Backpack,Accessories,1,855.34,R. Naidoo,855.34
ORD10531,2025-06-08,Western Cape,Water Bottle,Fitness,5,149.35,R. Naidoo,746.75
ORD11106,2025-06-08,Western Cape,Notebook Set,Stationery,1,87.4,M. Botha,87.4
ORD10065,2025-06-09,Gauteng,Backpack,Accessories,2,892.88,R. Naidoo,1785.76
ORD10387,2025-06-09,Free State,Yoga Mat,Fitness,1,279.43,L. van der Merwe,279.43
ORD10588,2025-06-09,Western Cape,Backpack,Accessories,2,905.55,R. Naidoo,1811.1
ORD10745,2025-06-09,Gauteng,Yoga Mat,Fitness,1,290.81,L. van der Merwe,290.81
ORD11159,2025-06-10,Western Cape,LED Desk Lamp,Home,2,348.62,T. Nkosi,697.24
ORD11002,2025-06-10,Free State,LED Desk Lamp,Home,1,352.05,M. Botha,352.05
ORD11166,2025-06-10,KwaZulu-Natal,Notebook Set,Stationery,3,89.09,M. Botha,267.27
ORD11023,2025-06-10,Free State,Wireless Mouse,Electronics,10,240.99,M. Botha,2409.9
ORD10524,2025-06-10,Free State,Backpack,Accessories,1,861.16,S. Dlamini,861.16
ORD11117,2025-06-10,Free State,USB-C Hub,Electronics,10,423.28,T. Nkosi,4232.8
ORD10991,2025-06-11,KwaZulu-Natal,Yoga Mat,Fitness,3,275.39,S. Dlamini,826.17
ORD11121,2025-06-12,Gauteng,Office Chair,Furniture,5,1453.95,M. Botha,7269.75
ORD10878,2025-06-12,KwaZulu-Natal,Wireless Mouse,Electronics,1,247.86,S. Dlamini,247.86
ORD11141,2025-06-12,Eastern Cape,Backpack,Accessories,5,941.91,R. Naidoo,4709.55
ORD10723,2025-06-12,KwaZulu-Natal,Notebook Set,Stationery,2,90.55,L. van der Merwe,181.1
ORD10099,2025-06-12,Western Cape,Standing Desk,Furniture,2,3416.45,R. Naidoo,6832.9
ORD11003,2025-06-13,KwaZulu-Natal,Wireless Mouse,Electronics,2,258.67,L. van der Merwe,517.34
ORD10279,2025-06-13,Free State,LED Desk Lamp,Home,10,343.01,R. Naidoo,3430.1
ORD10739,2025-06-13,Free State,Water Bottle,Fitness,2,143.98,L. van der Merwe,287.96
ORD11172,2025-06-14,Free State,Bluetooth Speaker,Electronics,10,608.66,L. van der Merwe,6086.6
ORD10455,2025-06-14,Eastern Cape,Water Bottle,Fitness,2,148.29,T. Nkosi,296.58
ORD10994,2025-06-14,Eastern Cape,Backpack,Accessories,2,854.33,S. Dlamini,1708.66
ORD10252,2025-06-14,Eastern Cape,Bluetooth Speaker,Electronics,2,592.81,R. Naidoo,1185.62
ORD10969,2025-06-14,Gauteng,Water Bottle,Fitness,2,150.61,R. Naidoo,301.22
ORD10309,2025-06-15,Eastern Cape,Water Bottle,Fitness,5,153.84,S. Dlamini,769.2
ORD10069,2025-06-15,Eastern Cape,Water Bottle,Fitness,5,153.85,T. Nkosi,769.25
ORD11158,2025-06-15,KwaZulu-Natal,USB-C Hub,Electronics,5,408.83,L. van der Merwe,2044.15
ORD10806,2025-06-15,Free State,LED Desk Lamp,Home,1,332.39,L. van der Merwe,332.39
ORD10563,2025-06-15,Free State,LED Desk Lamp,Home,3,346.44,M. Botha,1039.32
ORD10358,2025-06-15,Free State,LED Desk Lamp,Home,1,343.93,T. Nkosi,343.93
ORD11168,2025-06-15,Gauteng,Bluetooth Speaker,Electronics,1,618.49,L. van der Merwe,618.49
ORD10641,2025-06-16,Western Cape,Standing Desk,Furniture,2,3301.84,R. Naidoo,6603.68
ORD10138,2025-06-16,Eastern Cape,Standing Desk,Furniture,10,3246.51,T. Nkosi,32465.1
ORD10380,2025-06-16,KwaZulu-Natal,Notebook Set,Stationery,1,88.98,M. Botha,88.98
ORD11074,2025-06-16,Free State,Bluetooth Speaker,Electronics,1,593.51,T. Nkosi,593.51
ORD10902,2025-06-18,Western Cape,Wireless Mouse,Electronics,1,260.41,T. Nkosi,260.41
ORD10210,2025-06-19,Free State,LED Desk Lamp,Home,2,348.62,R. Naidoo,697.24
ORD10400,2025-06-19,Western Cape,Bluetooth Speaker,Electronics,2,613.63,S. Dlamini,1227.26
ORD10938,2025-06-19,Gauteng,Backpack,Accessories,1,867.87,R. Naidoo,867.87
ORD10100,2025-06-19,Western Cape,USB-C Hub,Electronics,1,412.97,R. Naidoo,412.97
ORD10795,2025-06-20,Gauteng,Notebook Set,Stationery,10,92.12,T. Nkosi,921.2
ORD10904,2025-06-20,Gauteng,Standing Desk,Furniture,2,3450.36,T. Nkosi,6900.72
ORD10807,2025-06-20,Eastern Cape,USB-C Hub,Electronics,1,411.64,R. Naidoo,411.64
ORD10901,2025-06-21,KwaZulu-Natal,Wireless Mouse,Electronics,10,245.4,M. Botha,2454.0
ORD10569,2025-06-21,Gauteng,Notebook Set,Stationery,1,92.51,R. Naidoo,92.51
ORD11133,2025-06-21,Eastern Cape,USB-C Hub,Electronics,3,443.08,L. van der Merwe,1329.24
ORD10225,2025-06-21,Gauteng,Notebook Set,Stationery,2,90.6,R. Naidoo,181.2
ORD11105,2025-06-21,Gauteng,Notebook Set,Stationery,1,88.75,L. van der Merwe,88.75
ORD10070,2025-06-22,Eastern Cape,Notebook Set,Stationery,10,90.62,R. Naidoo,906.2
ORD11008,2025-06-22,Eastern Cape,Yoga Mat,Fitness,1,292.7,R. Naidoo,292.7
ORD10018,2025-06-23,KwaZulu-Natal,USB-C Hub,Electronics,10,412.74,M. Botha,4127.4
ORD10809,2025-06-23,Free State,Office Chair,Furniture,1,1463.07,L. van der Merwe,1463.07
ORD10759,2025-06-23,Eastern Cape,USB-C Hub,Electronics,1,410.33,M. Botha,410.33
ORD10136,2025-06-23,Gauteng,Notebook Set,Stationery,2,91.81,T. Nkosi,183.62
ORD10861,2025-06-23,Gauteng,Wireless Mouse,Electronics,2,251.8,M. Botha,503.6
ORD10159,2025-06-24,KwaZulu-Natal,Water Bottle,Fitness,2,148.29,L. van der Merwe,296.58
ORD10625,2025-06-24,Eastern Cape,Bluetooth Speaker,Electronics,10,623.26,M. Botha,6232.6
ORD10968,2025-06-25,Eastern Cape,Water Bottle,Fitness,1,144.96,L. van der Merwe,144.96
ORD10289,2025-06-25,Gauteng,LED Desk Lamp,Home,1,360.34,L. van der Merwe,360.34
ORD10153,2025-06-25,KwaZulu-Natal,Standing Desk,Furniture,1,3450.0,M. Botha,3450.0
ORD10464,2025-06-26,Gauteng,Water Bottle,Fitness,2,152.7,R. Naidoo,305.4
ORD10713,2025-06-26,KwaZulu-Natal,LED Desk Lamp,Home,5,341.71,R. Naidoo,1708.55
ORD10199,2025-06-26,Western Cape,Yoga Mat,Fitness,1,273.77,L. van der Merwe,273.77
ORD10327,2025-06-27,Gauteng,Office Chair,Furniture,1,1529.2,L. van der Merwe,1529.2
ORD10933,2025-06-27,Western Cape,Backpack,Accessories,1,923.28,R. Naidoo,923.28
ORD10425,2025-06-27,Free State,Water Bottle,Fitness,5,151.41,L. van der Merwe,757.05
ORD11195,2025-06-27,Free State,Wireless Mouse,Electronics,1,248.33,T. Nkosi,248.33
ORD11095,2025-06-28,Free State,LED Desk Lamp,Home,1,364.21,L. van der Merwe,364.21
ORD10031,2025-06-28,Gauteng,Backpack,Accessories,2,899.53,L. van der Merwe,1799.06
ORD10979,2025-06-28,Western Cape,Office Chair,Furniture,2,1539.66,S. Dlamini,3079.32
ORD10730,2025-06-29,Eastern Cape,Office Chair,Furniture,5,1479.94,R. Naidoo,7399.7
ORD10074,2025-06-30,Eastern Cape,LED Desk Lamp,Home,5,366.86,S. Dlamini,1834.3
ORD10181,2025-06-30,Eastern Cape,Backpack,Accessories,10,885.65,S. Dlamini,8856.5
ORD10753,2025-07-01,KwaZulu-Natal,Yoga Mat,Fitness,10,283.84,R. Naidoo,2838.4
ORD10284,2025-07-01,KwaZulu-Natal,Wireless Mouse,Electronics,1,256.71,M. Botha,256.71
ORD11179,2025-07-01,Eastern Cape,Water Bottle,Fitness,2,143.31,L. van der Merwe,286.62
ORD10621,2025-07-01,Free State,LED Desk Lamp,Home,2,352.21,L. van der Merwe,704.42
ORD10740,2025-07-02,Western Cape,LED Desk Lamp,Home,2,344.65,S. Dlamini,689.3
ORD11086,2025-07-02,Western Cape,Yoga Mat,Fitness,2,267.89,M. Botha,535.78
ORD11049,2025-07-03,Eastern Cape,Yoga Mat,Fitness,1,274.92,T. Nkosi,274.92
ORD10342,2025-07-03,Western Cape,Bluetooth Speaker,Electronics,10,587.86,R. Naidoo,5878.6
ORD10003,2025-07-03,Western Cape,Notebook Set,Stationery,3,86.41,M. Botha,259.23
ORD10646,2025-07-03,Gauteng,Notebook Set,Stationery,1,85.5,S. Dlamini,85.5
ORD10418,2025-07-04,Gauteng,Yoga Mat,Fitness,1,289.44,R. Naidoo,289.44
ORD10272,2025-07-04,KwaZulu-Natal,LED Desk Lamp,Home,1,332.21,T. Nkosi,332.21
ORD11112,2025-07-04,Free State,Office Chair,Furniture,10,1541.77,T. Nkosi,15417.7
ORD10648,2025-07-04,Western Cape,Water Bottle,Fitness,10,143.62,L. van der Merwe,1436.2
ORD10833,2025-07-04,Free State,USB-C Hub,Electronics,2,434.08,S. Dlamini,868.16
ORD10863,2025-07-04,Western Cape,Water Bottle,Fitness,3,149.25,T. Nkosi,447.75
ORD10525,2025-07-05,Free State,Notebook Set,Stationery,2,93.48,R. Naidoo,186.96
ORD10980,2025-07-05,Eastern Cape,Wireless Mouse,Electronics,2,243.55,L. van der Merwe,487.1
ORD10895,2025-07-05,Free State,Bluetooth Speaker,Electronics,2,583.08,S. Dlamini,1166.16
ORD10900,2025-07-05,Eastern Cape,USB-C Hub,Electronics,1,436.73,L. van der Merwe,436.73
ORD10120,2025-07-05,KwaZulu-Natal,Wireless Mouse,Electronics,10,248.61,S. Dlamini,2486.1
ORD10280,2025-07-06,Western Cape,Backpack,Accessories,5,879.25,M. Botha,4396.25
ORD10516,2025-07-06,Eastern Cape,Office Chair,Furniture,2,1486.87,S. Dlamini,2973.74
ORD11116,2025-07-06,Eastern Cape,Notebook Set,Stationery,1,94.23,R. Naidoo,94.23
ORD10786,2025-07-06,KwaZulu-Natal,Bluetooth Speaker,Electronics,1,622.99,R. Naidoo,622.99
ORD10113,2025-07-07,Western Cape,USB-C Hub,Electronics,1,441.29,L. van der Merwe,441.29
ORD10183,2025-07-07,Eastern Cape,Backpack,Accessories,1,860.09,R. Naidoo,860.09
ORD10410,2025-07-07,Western Cape,Standing Desk,Furniture,1,3328.59,R. Naidoo,3328.59
ORD10307,2025-07-08,Gauteng,Yoga Mat,Fitness,5,279.44,R. Naidoo,1397.2
ORD10823,2025-07-08,Eastern Cape,Yoga Mat,Fitness,1,275.07,R. Naidoo,275.07
ORD10064,2025-07-08,Eastern Cape,Office Chair,Furniture,2,1493.76,M. Botha,2987.52
ORD10006,2025-07-09,Eastern Cape,Bluetooth Speaker,Electronics,10,607.13,L. van der Merwe,6071.3
ORD11035,2025-07-09,Free State,USB-C Hub,Electronics,1,446.95,M. Botha,446.95
ORD10249,2025-07-09,KwaZulu-Natal,Standing Desk,Furniture,3,3347.4,M. Botha,10042.2
ORD10332,2025-07-10,Western Cape,LED Desk Lamp,Home,3,341.51,M. Botha,1024.53
ORD10312,2025-07-10,Western Cape,Notebook Set,Stationery,1,91.38,T. Nkosi,91.38
ORD10384,2025-07-10,KwaZulu-Natal,USB-C Hub,Electronics,1,439.54,S. Dlamini,439.54
ORD10624,2025-07-11,Eastern Cape,LED Desk Lamp,Home,2,350.38,L. van der Merwe,700.76
ORD11139,2025-07-11,Western Cape,USB-C Hub,Electronics,5,408.95,S. Dlamini,2044.75
ORD10922,2025-07-11,Western Cape,Bluetooth Speaker,Electronics,2,580.53,M. Botha,1161.06
ORD10214,2025-07-12,Free State,Office Chair,Furniture,3,1573.67,L. van der Merwe,4721.01
ORD10990,2025-07-12,Free State,Wireless Mouse,Electronics,1,242.77,R. Naidoo,242.77
ORD10098,2025-07-13,Free State,Yoga Mat,Fitness,3,274.33,S. Dlamini,822.99
ORD10361,2025-07-13,Free State,Office Chair,Furniture,2,1523.81,S. Dlamini,3047.62
ORD10927,2025-07-13,Western Cape,Standing Desk,Furniture,2,3264.66,S. Dlamini,6529.32
ORD11145,2025-07-13,Western Cape,Standing Desk,Furniture,2,3310.68,T. Nkosi,6621.36
ORD10887,2025-07-14,Gauteng,Wireless Mouse,Electronics,2,252.44,L. van der Merwe,504.88
ORD10597,2025-07-14,Western Cape,Yoga Mat,Fitness,5,286.71,R. Naidoo,1433.55
ORD10046,2025-07-14,Eastern Cape,LED Desk Lamp,Home,1,338.73,M. Botha,338.73
ORD10270,2025-07-14,Free State,LED Desk Lamp,Home,5,338.52,M. Botha,1692.6
ORD10611,2025-07-14,KwaZulu-Natal,Backpack,Accessories,1,923.14,R. Naidoo,923.14
ORD11042,2025-07-14,KwaZulu-Natal,Bluetooth Speaker,Electronics,3,626.1,S. Dlamini,1878.3
ORD10255,2025-07-14,Free State,Notebook Set,Stationery,2,86.86,R. Naidoo,173.72
ORD10983,2025-07-15,Eastern Cape,Office Chair,Furniture,2,1499.1,R. Naidoo,2998.2
ORD10907,2025-07-15,Gauteng,USB-C Hub,Electronics,1,431.54,T. Nkosi,431.54
ORD10661,2025-07-16,Free State,Office Chair,Furniture,10,1536.89,R. Naidoo,15368.9
ORD11063,2025-07-16,KwaZulu-Natal,LED Desk Lamp,Home,2,354.75,T. Nkosi,709.5
ORD10405,2025-07-16,Western Cape,Bluetooth Speaker,Electronics,5,593.21,T. Nkosi,2966.05
ORD10178,2025-07-17,KwaZulu-Natal,Bluetooth Speaker,Electronics,5,613.57,L. van der Merwe,3067.85
ORD11174,2025-07-17,Eastern Cape,Bluetooth Speaker,Electronics,2,569.84,R. Naidoo,1139.68
ORD10586,2025-07-18,KwaZulu-Natal,LED Desk Lamp,Home,2,360.4,M. Botha,720.8
ORD10672,2025-07-18,KwaZulu-Natal,LED Desk Lamp,Home,1,341.72,T. Nkosi,341.72
ORD10437,2025-07-18,Free State,Yoga Mat,Fitness,1,285.43,M. Botha,285.43
ORD10788,2025-07-19,Western Cape,Bluetooth Speaker,Electronics,3,588.77,R. Naidoo,1766.31
ORD10058,2025-07-19,Free State,Wireless Mouse,Electronics,10,237.64,M. Botha,2376.4
ORD10267,2025-07-19,Eastern Cape,Office Chair,Furniture,2,1448.4,R. Naidoo,2896.8
ORD10942,2025-07-20,KwaZulu-Natal,Wireless Mouse,Electronics,1,245.66,T. Nkosi,245.66
ORD10837,2025-07-20,Gauteng,Yoga Mat,Fitness,2,270.67,S. Dlamini,541.34
ORD10060,2025-07-21,Western Cape,USB-C Hub,Electronics,1,449.62,T. Nkosi,449.62
ORD10340,2025-07-21,Western Cape,Office Chair,Furniture,2,1551.6,S. Dlamini,3103.2
ORD10434,2025-07-21,Gauteng,USB-C Hub,Electronics,2,415.6,R. Naidoo,831.2
ORD10209,2025-07-21,Free State,Backpack,Accessories,3,937.78,M. Botha,2813.34
ORD10277,2025-07-22,Eastern Cape,Standing Desk,Furniture,10,3169.34,M. Botha,31693.4
ORD10896,2025-07-22,Free State,Yoga Mat,Fitness,1,270.52,S. Dlamini,270.52
ORD10865,2025-07-22,Gauteng,Yoga Mat,Fitness,5,281.46,M. Botha,1407.3
ORD10977,2025-07-22,Free State,Wireless Mouse,Electronics,10,247.6,R. Naidoo,2476.0
ORD10461,2025-07-22,Free State,Notebook Set,Stationery,2,92.38,R. Naidoo,184.76
ORD10618,2025-07-22,KwaZulu-Natal,Notebook Set,Stationery,1,86.51,L. van der Merwe,86.51
ORD10146,2025-07-22,Gauteng,USB-C Hub,Electronics,5,432.81,S. Dlamini,2164.05
ORD10546,2025-07-22,KwaZulu-Natal,USB-C Hub,Electronics,1,441.63,T. Nkosi,441.63
ORD10323,2025-07-23,Gauteng,Backpack,Accessories,2,873.45,M. Botha,1746.9
ORD10984,2025-07-23,Gauteng,Bluetooth Speaker,Electronics,2,602.28,T. Nkosi,1204.56
ORD10564,2025-07-23,Western Cape,Water Bottle,Fitness,2,146.91,T. Nkosi,293.82
ORD10224,2025-07-23,Western Cape,Wireless Mouse,Electronics,1,260.84,L. van der Merwe,260.84
ORD10945,2025-07-24,KwaZulu-Natal,Yoga Mat,Fitness,1,292.7,M. Botha,292.7
ORD10130,2025-07-24,Eastern Cape,Standing Desk,Furniture,2,3270.57,T. Nkosi,6541.14
ORD11119,2025-07-24,Gauteng,Water Bottle,Fitness,1,145.88,L. van der Merwe,145.88
ORD10877,2025-07-25,Western Cape,Standing Desk,Furniture,1,3400.25,R. Naidoo,3400.25
ORD10797,2025-07-25,Gauteng,Wireless Mouse,Electronics,10,257.27,S. Dlamini,2572.7
ORD10429,2025-07-26,KwaZulu-Natal,Yoga Mat,Fitness,10,285.84,T. Nkosi,2858.4
ORD10409,2025-07-26,KwaZulu-Natal,Office Chair,Furniture,3,1536.49,L. van der Merwe,4609.47
ORD10937,2025-07-26,KwaZulu-Natal,Yoga Mat,Fitness,2,276.74,S. Dlamini,553.48
ORD10647,2025-07-27,Western Cape,Wireless Mouse,Electronics,5,253.12,R. Naidoo,1265.6
ORD10262,2025-07-27,KwaZulu-Natal,Water Bottle,Fitness,2,153.39,M. Botha,306.78
ORD10273,2025-07-28,Gauteng,Office Chair,Furniture,5,1491.33,T. Nkosi,7456.65
ORD10789,2025-07-29,Western Cape,Standing Desk,Furniture,1,3204.68,M. Botha,3204.68
ORD10929,2025-07-29,Gauteng,Backpack,Accessories,3,892.36,R. Naidoo,2677.08
ORD10853,2025-07-29,Free State,Office Chair,Furniture,2,1444.74,M. Botha,2889.48
ORD10317,2025-07-30,Eastern Cape,Office Chair,Furniture,2,1518.2,L. van der Merwe,3036.4
ORD10105,2025-07-30,KwaZulu-Natal,Wireless Mouse,Electronics,3,248.26,L. van der Merwe,744.78
ORD10691,2025-07-30,Western Cape,Yoga Mat,Fitness,1,282.9,L. van der Merwe,282.9
ORD10213,2025-07-30,Eastern Cape,Wireless Mouse,Electronics,5,241.28,T. Nkosi,1206.4
ORD10698,2025-07-31,KwaZulu-Natal,Standing Desk,Furniture,1,3241.64,R. Naidoo,3241.64
ORD10274,2025-07-31,KwaZulu-Natal,Bluetooth Speaker,Electronics,3,620.79,T. Nkosi,1862.37
ORD10376,2025-07-31,Western Cape,Wireless Mouse,Electronics,1,254.19,M. Botha,254.19
ORD10852,2025-08-01,KwaZulu-Natal,LED Desk Lamp,Home,1,341.32,L. van der Merwe,341.32
ORD10733,2025-08-01,Eastern Cape,Backpack,Accessories,1,890.86,M. Botha,890.86
ORD10688,2025-08-01,Gauteng,Standing Desk,Furniture,3,3154.91,S. Dlamini,9464.73
ORD10144,2025-08-02,Gauteng,Yoga Mat,Fitness,5,281.05,T. Nkosi,1405.25
ORD10248,2025-08-02,KwaZulu-Natal,Standing Desk,Furniture,2,3435.82,R. Naidoo,6871.64
ORD10080,2025-08-02,Free State,Office Chair,Furniture,1,1573.04,M. Botha,1573.04
ORD10736,2025-08-02,KwaZulu-Natal,Notebook Set,Stationery,1,91.37,R. Naidoo,91.37
ORD10816,2025-08-02,Free State,Notebook Set,Stationery,1,90.22,L. van der Merwe,90.22
ORD11125,2025-08-03,Eastern Cape,Notebook Set,Stationery,2,93.35,S. Dlamini,186.7
ORD10413,2025-08-03,Eastern Cape,Notebook Set,Stationery,2,91.1,M. Botha,182.2
ORD10125,2025-08-04,Free State,Standing Desk,Furniture,1,3191.53,T. Nkosi,3191.53
ORD10057,2025-08-04,Eastern Cape,USB-C Hub,Electronics,10,425.39,M. Botha,4253.9
ORD10133,2025-08-05,Free State,Water Bottle,Fitness,1,147.67,S. Dlamini,147.67
ORD10824,2025-08-05,Eastern Cape,Yoga Mat,Fitness,2,280.76,M. Botha,561.52
ORD10296,2025-08-05,Free State,Office Chair,Furniture,5,1513.45,R. Naidoo,7567.25
ORD10021,2025-08-05,Eastern Cape,Yoga Mat,Fitness,1,267.75,R. Naidoo,267.75
ORD10650,2025-08-06,Western Cape,Bluetooth Speaker,Electronics,10,622.58,R. Naidoo,6225.8
ORD10747,2025-08-06,Western Cape,Office Chair,Furniture,1,1455.51,T. Nkosi,1455.51
ORD10492,2025-08-07,Eastern Cape,Wireless Mouse,Electronics,3,247.71,S. Dlamini,743.13
ORD10561,2025-08-07,Eastern Cape,Water Bottle,Fitness,3,151.6,L. van der Merwe,454.8
ORD10127,2025-08-07,Eastern Cape,Notebook Set,Stationery,1,94.48,R. Naidoo,94.48
ORD10318,2025-08-08,Gauteng,Bluetooth Speaker,Electronics,1,604.37,L. van der Merwe,604.37
ORD10328,2025-08-08,Western Cape,LED Desk Lamp,Home,1,358.99,M. Botha,358.99
ORD10311,2025-08-08,Gauteng,Yoga Mat,Fitness,1,277.36,L. van der Merwe,277.36
ORD10908,2025-08-08,Eastern Cape,Backpack,Accessories,1,894.81,S. Dlamini,894.81
ORD11156,2025-08-08,Free State,USB-C Hub,Electronics,3,434.27,M. Botha,1302.81
ORD11053,2025-08-08,Free State,LED Desk Lamp,Home,2,333.84,R. Naidoo,667.68
ORD10142,2025-08-09,KwaZulu-Natal,Office Chair,Furniture,3,1442.04,L. van der Merwe,4326.12
ORD11123,2025-08-09,KwaZulu-Natal,Standing Desk,Furniture,5,3154.64,L. van der Merwe,15773.2
ORD10665,2025-08-10,Free State,LED Desk Lamp,Home,1,364.1,S. Dlamini,364.1
ORD10640,2025-08-11,Gauteng,USB-C Hub,Electronics,2,442.47,M. Botha,884.94
ORD11028,2025-08-11,Free State,Backpack,Accessories,5,927.91,T. Nkosi,4639.55
ORD10369,2025-08-11,Eastern Cape,Backpack,Accessories,5,938.78,T. Nkosi,4693.9
ORD10573,2025-08-11,Eastern Cape,Bluetooth Speaker,Electronics,5,584.78,L. van der Merwe,2923.9
ORD10695,2025-08-11,Western Cape,Office Chair,Furniture,1,1520.71,S. Dlamini,1520.71
ORD10775,2025-08-12,KwaZulu-Natal,Standing Desk,Furniture,3,3189.02,R. Naidoo,9567.06
ORD10360,2025-08-12,Gauteng,Backpack,Accessories,2,883.05,S. Dlamini,1766.1
ORD11134,2025-08-12,Eastern Cape,Yoga Mat,Fitness,1,280.47,S. Dlamini,280.47
ORD10973,2025-08-14,Eastern Cape,Notebook Set,Stationery,3,89.07,M. Botha,267.21
ORD10198,2025-08-14,Eastern Cape,Standing Desk,Furniture,2,3301.84,R. Naidoo,6603.68
ORD10163,2025-08-14,KwaZulu-Natal,Standing Desk,Furniture,2,3255.4,S. Dlamini,6510.8
ORD10386,2025-08-15,KwaZulu-Natal,Yoga Mat,Fitness,5,281.93,R. Naidoo,1409.65
ORD10674,2025-08-15,Gauteng,Yoga Mat,Fitness,5,271.14,T. Nkosi,1355.7
ORD10731,2025-08-15,Gauteng,Water Bottle,Fitness,10,152.6,L. van der Merwe,1526.0
ORD10446,2025-08-15,Gauteng,Wireless Mouse,Electronics,2,253.0,S. Dlamini,506.0
ORD10910,2025-08-16,Free State,Office Chair,Furniture,3,1487.16,L. van der Merwe,4461.48
ORD10187,2025-08-16,Gauteng,Standing Desk,Furniture,1,3283.18,S. Dlamini,3283.18
ORD10728,2025-08-17,Western Cape,Water Bottle,Fitness,2,141.89,M. Botha,283.78
ORD10243,2025-08-17,Gauteng,Backpack,Accessories,2,860.1,L. van der Merwe,1720.2
ORD10428,2025-08-18,Eastern Cape,USB-C Hub,Electronics,1,427.25,R. Naidoo,427.25
ORD10162,2025-08-18,Eastern Cape,Wireless Mouse,Electronics,2,261.73,M. Botha,523.46
ORD10520,2025-08-19,Gauteng,Office Chair,Furniture,2,1495.48,S. Dlamini,2990.96
ORD10682,2025-08-19,Gauteng,USB-C Hub,Electronics,10,430.46,T. Nkosi,4304.6
ORD10269,2025-08-19,Free State,Backpack,Accessories,3,856.71,L. van der Merwe,2570.13
ORD10200,2025-08-19,Free State,LED Desk Lamp,Home,3,340.47,L. van der Merwe,1021.41
ORD10297,2025-08-19,Western Cape,Water Bottle,Fitness,10,145.85,S. Dlamini,1458.5
ORD10819,2025-08-20,Free State,Notebook Set,Stationery,3,94.22,M. Botha,282.66
ORD10655,2025-08-21,KwaZulu-Natal,Backpack,Accessories,3,902.15,M. Botha,2706.45
ORD10552,2025-08-21,Western Cape,Water Bottle,Fitness,2,153.76,M. Botha,307.52
ORD10326,2025-08-21,Western Cape,USB-C Hub,Electronics,2,411.25,S. Dlamini,822.5
ORD10118,2025-08-21,Gauteng,Yoga Mat,Fitness,2,289.8,M. Botha,579.6
ORD10761,2025-08-21,Eastern Cape,LED Desk Lamp,Home,10,349.9,T. Nkosi,3499.0
ORD11175,2025-08-21,KwaZulu-Natal,Bluetooth Speaker,Electronics,3,614.6,M. Botha,1843.8
ORD10915,2025-08-21,KwaZulu-Natal,Backpack,Accessories,2,891.69,R. Naidoo,1783.38
ORD10121,2025-08-21,KwaZulu-Natal,Water Bottle,Fitness,5,145.66,L. van der Merwe,728.3
ORD10486,2025-08-21,Free State,Office Chair,Furniture,1,1532.61,L. van der Merwe,1532.61
ORD11101,2025-08-21,Free State,Office Chair,Furniture,1,1483.47,M. Botha,1483.47
ORD10671,2025-08-21,KwaZulu-Natal,Office Chair,Furniture,10,1523.06,R. Naidoo,15230.6
ORD11144,2025-08-21,Free State,Backpack,Accessories,5,856.32,L. van der Merwe,4281.6
ORD10417,2025-08-22,Free State,Bluetooth Speaker,Electronics,1,623.25,S. Dlamini,623.25
ORD11026,2025-08-22,KwaZulu-Natal,Water Bottle,Fitness,5,151.23,S. Dlamini,756.15
ORD11186,2025-08-22,Western Cape,Standing Desk,Furniture,1,3189.03,T. Nkosi,3189.03
ORD10513,2025-08-23,Gauteng,Water Bottle,Fitness,5,154.37,M. Botha,771.85
ORD11190,2025-08-23,Eastern Cape,Yoga Mat,Fitness,2,283.56,S. Dlamini,567.12
ORD10701,2025-08-23,Gauteng,Office Chair,Furniture,2,1444.51,L. van der Merwe,2889.02
ORD10848,2025-08-23,Free State,Water Bottle,Fitness,1,155.36,T. Nkosi,155.36
ORD10505,2025-08-23,Free State,USB-C Hub,Electronics,10,440.05,M. Botha,4400.5
ORD11004,2025-08-24,Free State,Water Bottle,Fitness,1,147.44,L. van der Merwe,147.44
ORD10457,2025-08-24,Free State,Standing Desk,Furniture,1,3380.45,T. Nkosi,3380.45
ORD10040,2025-08-24,Gauteng,Office Chair,Furniture,1,1552.75,S. Dlamini,1552.75
ORD11115,2025-08-24,Free State,Notebook Set,Stationery,3,86.29,R. Naidoo,258.87
ORD10637,2025-08-25,Eastern Cape,Yoga Mat,Fitness,1,278.31,S. Dlamini,278.31
ORD10290,2025-08-25,Free State,Standing Desk,Furniture,1,3243.24,R. Naidoo,3243.24
ORD10825,2025-08-26,Eastern Cape,Office Chair,Furniture,1,1430.11,L. van der Merwe,1430.11
ORD10333,2025-08-27,Western Cape,Wireless Mouse,Electronics,1,261.34,S. Dlamini,261.34
ORD11120,2025-08-27,Eastern Cape,USB-C Hub,Electronics,3,427.54,T. Nkosi,1282.62
ORD10971,2025-08-28,Western Cape,Bluetooth Speaker,Electronics,2,599.44,L. van der Merwe,1198.88
ORD10426,2025-08-29,Free State,Water Bottle,Fitness,1,151.14,L. van der Merwe,151.14
ORD11165,2025-08-29,Eastern Cape,Office Chair,Furniture,1,1474.62,R. Naidoo,1474.62
ORD10924,2025-08-29,KwaZulu-Natal,Wireless Mouse,Electronics,10,242.72,L. van der Merwe,2427.2
ORD10322,2025-08-30,Free State,USB-C Hub,Electronics,3,430.99,T. Nkosi,1292.97
ORD10095,2025-08-30,Eastern Cape,Office Chair,Furniture,2,1486.33,R. Naidoo,2972.66
ORD10168,2025-08-30,KwaZulu-Natal,Bluetooth Speaker,Electronics,1,571.34,R. Naidoo,571.34
ORD10221,2025-08-30,Western Cape,Water Bottle,Fitness,1,143.04,L. van der Merwe,143.04
ORD10131,2025-08-31,Eastern Cape,LED Desk Lamp,Home,2,345.11,T. Nkosi,690.22
ORD10840,2025-08-31,Free State,LED Desk Lamp,Home,2,363.23,R. Naidoo,726.46
ORD10208,2025-08-31,Eastern Cape,Water Bottle,Fitness,1,142.13,L. van der Merwe,142.13
ORD10390,2025-08-31,Western Cape,Wireless Mouse,Electronics,10,252.34,S. Dlamini,2523.4
ORD10373,2025-08-31,Gauteng,Bluetooth Speaker,Electronics,1,607.28,S. Dlamini,607.28
ORD10594,2025-08-31,Western Cape,Yoga Mat,Fitness,3,270.18,L. van der Merwe,810.54
ORD10757,2025-09-01,Eastern Cape,Water Bottle,Fitness,5,144.36,L. van der Merwe,721.8
ORD10222,2025-09-01,Free State,Wireless Mouse,Electronics,5,253.81,L. van der Merwe,1269.05
ORD10607,2025-09-01,Eastern Cape,Yoga Mat,Fitness,10,271.69,R. Naidoo,2716.9
ORD11090,2025-09-02,Western Cape,Office Chair,Furniture,1,1482.6,T. Nkosi,1482.6
ORD10826,2025-09-02,Free State,Yoga Mat,Fitness,2,278.11,L. van der Merwe,556.22
ORD10916,2025-09-04,Gauteng,Standing Desk,Furniture,2,3301.84,R. Naidoo,6603.68
ORD11150,2025-09-05,Western Cape,Wireless Mouse,Electronics,1,261.89,L. van der Merwe,261.89
ORD10720,2025-09-05,Free State,Notebook Set,Stationery,2,87.04,S. Dlamini,174.08
ORD10814,2025-09-06,Eastern Cape,Bluetooth Speaker,Electronics,10,590.41,R. Naidoo,5904.1
ORD10785,2025-09-06,KwaZulu-Natal,Wireless Mouse,Electronics,1,253.6,T. Nkosi,253.6
ORD10952,2025-09-06,KwaZulu-Natal,Wireless Mouse,Electronics,1,245.67,T. Nkosi,245.67
ORD10139,2025-09-06,Western Cape,Office Chair,Furniture,1,1464.84,R. Naidoo,1464.84
ORD10555,2025-09-06,Gauteng,Bluetooth Speaker,Electronics,1,621.37,T. Nkosi,621.37
ORD10649,2025-09-07,Western Cape,Notebook Set,Stationery,1,86.14,L. van der Merwe,86.14
ORD10986,2025-09-07,Western Cape,USB-C Hub,Electronics,3,415.55,M. Botha,1246.65
ORD11155,2025-09-07,Free State,Backpack,Accessories,1,925.44,R. Naidoo,925.44
ORD10479,2025-09-07,Eastern Cape,Notebook Set,Stationery,5,88.67,M. Botha,443.35
ORD10522,2025-09-07,Free State,Backpack,Accessories,2,885.97,T. Nkosi,1771.94
ORD10293,2025-09-08,KwaZulu-Natal,Office Chair,Furniture,2,1492.64,M. Botha,2985.28
ORD10235,2025-09-08,Free State,LED Desk Lamp,Home,1,355.8,M. Botha,355.8
ORD10940,2025-09-08,Western Cape,Bluetooth Speaker,Electronics,1,570.97,L. van der Merwe,570.97
ORD10371,2025-09-09,Western Cape,Notebook Set,Stationery,1,89.03,T. Nkosi,89.03
ORD11046,2025-09-09,KwaZulu-Natal,Wireless Mouse,Electronics,5,246.35,T. Nkosi,1231.75
ORD10557,2025-09-09,Free State,Standing Desk,Furniture,1,3440.93,R. Naidoo,3440.93
ORD10337,2025-09-09,KwaZulu-Natal,USB-C Hub,Electronics,2,430.28,L. van der Merwe,860.56
ORD10256,2025-09-09,KwaZulu-Natal,Water Bottle,Fitness,10,155.95,L. van der Merwe,1559.5
ORD11162,2025-09-10,Eastern Cape,USB-C Hub,Electronics,3,416.05,T. Nkosi,1248.15
ORD10086,2025-09-10,Eastern Cape,Bluetooth Speaker,Electronics,5,625.52,T. Nkosi,3127.6
ORD10356,2025-09-10,KwaZulu-Natal,Wireless Mouse,Electronics,2,258.41,L. van der Merwe,516.82
ORD10300,2025-09-11,Western Cape,Notebook Set,Stationery,1,92.52,M. Botha,92.52
ORD10246,2025-09-11,KwaZulu-Natal,Notebook Set,Stationery,1,91.12,S. Dlamini,91.12
ORD11077,2025-09-11,Western Cape,Yoga Mat,Fitness,3,269.19,R. Naidoo,807.57
ORD10415,2025-09-12,Western Cape,Water Bottle,Fitness,5,145.95,R. Naidoo,729.75
ORD10716,2025-09-12,Gauteng,Notebook Set,Stationery,1,87.97,L. van der Merwe,87.97
ORD11113,2025-09-12,Western Cape,USB-C Hub,Electronics,1,448.65,T. Nkosi,448.65
ORD10253,2025-09-12,Free State,Yoga Mat,Fitness,2,272.35,T. Nkosi,544.7
ORD10675,2025-09-12,Gauteng,Wireless Mouse,Electronics,2,256.92,T. Nkosi,513.84
ORD10329,2025-09-13,KwaZulu-Natal,Bluetooth Speaker,Electronics,10,596.32,S. Dlamini,5963.2
ORD10724,2025-09-13,Eastern Cape,LED Desk Lamp,Home,2,336.27,R. Naidoo,672.54
ORD10518,2025-09-13,Western Cape,Standing Desk,Furniture,10,3399.84,M. Botha,33998.4
ORD10540,2025-09-13,Eastern Cape,Wireless Mouse,Electronics,3,248.0,R. Naidoo,744.0
ORD10092,2025-09-13,Eastern Cape,Yoga Mat,Fitness,2,279.51,T. Nkosi,559.02
ORD11036,2025-09-15,Eastern Cape,USB-C Hub,Electronics,10,449.86,S. Dlamini,4498.6
ORD10407,2025-09-15,Western Cape,Wireless Mouse,Electronics,3,245.29,L. van der Merwe,735.87
ORD10460,2025-09-15,Free State,Wireless Mouse,Electronics,1,255.01,S. Dlamini,255.01
ORD11067,2025-09-15,Gauteng,Yoga Mat,Fitness,1,278.52,L. van der Merwe,278.52
ORD10487,2025-09-16,Eastern Cape,USB-C Hub,Electronics,1,408.26,L. van der Merwe,408.26
ORD10764,2025-09-16,Eastern Cape,Water Bottle,Fitness,2,145.92,M. Botha,291.84
ORD10705,2025-09-16,Eastern Cape,Wireless Mouse,Electronics,1,262.27,R. Naidoo,262.27
ORD10889,2025-09-16,Gauteng,USB-C Hub,Electronics,2,445.23,S. Dlamini,890.46
ORD10389,2025-09-16,Gauteng,Yoga Mat,Fitness,2,272.69,T. Nkosi,545.38
ORD10053,2025-09-16,Free State,Yoga Mat,Fitness,10,282.14,M. Botha,2821.4
ORD10298,2025-09-16,Eastern Cape,Wireless Mouse,Electronics,2,257.87,R. Naidoo,515.74
ORD10950,2025-09-17,Free State,Bluetooth Speaker,Electronics,5,596.06,R. Naidoo,2980.3
ORD10427,2025-09-17,Eastern Cape,Bluetooth Speaker,Electronics,2,588.87,M. Botha,1177.74
ORD10860,2025-09-17,Eastern Cape,Notebook Set,Stationery,1,93.06,T. Nkosi,93.06
ORD10160,2025-09-17,Western Cape,Standing Desk,Furniture,1,3231.63,S. Dlamini,3231.63
ORD10010,2025-09-18,Free State,USB-C Hub,Electronics,3,416.96,T. Nkosi,1250.88
ORD11157,2025-09-19,KwaZulu-Natal,LED Desk Lamp,Home,10,337.87,M. Botha,3378.7
ORD10147,2025-09-19,KwaZulu-Natal,Standing Desk,Furniture,1,3302.46,S. Dlamini,3302.46
ORD10091,2025-09-21,KwaZulu-Natal,Bluetooth Speaker,Electronics,3,575.99,M. Botha,1727.97
ORD11044,2025-09-21,Eastern Cape,Backpack,Accessories,2,937.58,R. Naidoo,1875.16
ORD10630,2025-09-21,Western Cape,Office Chair,Furniture,1,1426.34,L. van der Merwe,1426.34
ORD10499,2025-09-22,Western Cape,Wireless Mouse,Electronics,2,238.33,M. Botha,476.66
ORD10854,2025-09-22,Gauteng,LED Desk Lamp,Home,1,358.94,T. Nkosi,358.94
ORD11151,2025-09-23,KwaZulu-Natal,Water Bottle,Fitness,2,150.58,L. van der Merwe,301.16
ORD10928,2025-09-23,Free State,Notebook Set,Stationery,1,92.25,L. van der Merwe,92.25
ORD10394,2025-09-24,KwaZulu-Natal,USB-C Hub,Electronics,2,416.91,M. Botha,833.82
ORD10068,2025-09-25,Eastern Cape,Bluetooth Speaker,Electronics,10,611.42,M. Botha,6114.2
ORD10941,2025-09-26,Gauteng,Standing Desk,Furniture,2,3201.97,R. Naidoo,6403.94
ORD11041,2025-09-26,Western Cape,LED Desk Lamp,Home,10,365.74,L. van der Merwe,3657.4
ORD10408,2025-09-26,Gauteng,Bluetooth Speaker,Electronics,2,596.36,R. Naidoo,1192.72
ORD10732,2025-09-26,Eastern Cape,USB-C Hub,Electronics,1,413.71,T. Nkosi,413.71
ORD10985,2025-09-26,Eastern Cape,Office Chair,Furniture,1,1434.52,S. Dlamini,1434.52
ORD10787,2025-09-26,Western Cape,Office Chair,Furniture,1,1502.29,R. Naidoo,1502.29
ORD10172,2025-09-27,Eastern Cape,Backpack,Accessories,1,901.11,R. Naidoo,901.11
ORD10351,2025-09-27,KwaZulu-Natal,Bluetooth Speaker,Electronics,1,594.16,M. Botha,594.16
ORD10921,2025-09-27,Eastern Cape,Notebook Set,Stationery,3,92.78,T. Nkosi,278.34
ORD10653,2025-09-27,KwaZulu-Natal,Yoga Mat,Fitness,10,291.88,R. Naidoo,2918.8
ORD10357,2025-09-27,Gauteng,Yoga Mat,Fitness,1,271.54,T. Nkosi,271.54
ORD10240,2025-09-28,Western Cape,Water Bottle,Fitness,1,144.21,L. van der Merwe,144.21
ORD10867,2025-09-28,Eastern Cape,Office Chair,Furniture,1,1569.16,L. van der Merwe,1569.16
ORD10709,2025-09-29,Eastern Cape,LED Desk Lamp,Home,1,345.48,S. Dlamini,345.48
ORD10777,2025-09-29,Gauteng,Backpack,Accessories,3,878.63,R. Naidoo,2635.89
ORD10014,2025-09-29,KwaZulu-Natal,Bluetooth Speaker,Electronics,1,591.45,M. Botha,591.45
ORD11181,2025-09-29,Western Cape,USB-C Hub,Electronics,2,424.83,M. Botha,849.66
ORD10406,2025-09-29,Western Cape,Water Bottle,Fitness,1,154.84,T. Nkosi,154.84
ORD10714,2025-09-30,Free State,Water Bottle,Fitness,10,152.13,R. Naidoo,1521.3
ORD10016,2025-09-30,Free State,Standing Desk,Furniture,1,3375.51,L. van der Merwe,3375.51
ORD10488,2025-09-30,Gauteng,Backpack,Accessories,10,935.1,T. Nkosi,9351.0
ORD10241,2025-09-30,Gauteng,Wireless Mouse,Electronics,10,254.33,L. van der Merwe,2543.3
ORD10663,2025-09-30,Eastern Cape,Yoga Mat,Fitness,2,278.34,R. Naidoo,556.68
ORD10634,2025-10-01,KwaZulu-Natal,LED Desk Lamp,Home,2,356.94,R. Naidoo,713.88
ORD10398,2025-10-01,Gauteng,USB-C Hub,Electronics,3,438.72,S. Dlamini,1316.16
ORD10115,2025-10-02,Free State,USB-C Hub,Electronics,1,441.47,R. Naidoo,441.47
ORD11048,2025-10-02,Eastern Cape,Yoga Mat,Fitness,2,275.22,T. Nkosi,550.44
ORD10260,2025-10-02,Gauteng,Wireless Mouse,Electronics,1,237.91,T. Nkosi,237.91
ORD11093,2025-10-02,Eastern Cape,Standing Desk,Furniture,10,3311.78,R. Naidoo,33117.8
ORD10548,2025-10-02,KwaZulu-Natal,Backpack,Accessories,2,892.88,L. van der Merwe,1785.76
ORD10075,2025-10-02,KwaZulu-Natal,Notebook Set,Stationery,1,91.98,L. van der Merwe,91.98
ORD10012,2025-10-02,Eastern Cape,Backpack,Accessories,1,915.21,S. Dlamini,915.21
ORD10835,2025-10-03,Eastern Cape,Standing Desk,Furniture,2,3277.82,T. Nkosi,6555.64
ORD10579,2025-10-03,KwaZulu-Natal,Bluetooth Speaker,Electronics,10,570.41,L. van der Merwe,5704.1
ORD10471,2025-10-03,Western Cape,Bluetooth Speaker,Electronics,2,620.49,S. Dlamini,1240.98
ORD11018,2025-10-03,Eastern Cape,Yoga Mat,Fitness,1,267.82,R. Naidoo,267.82
ORD10044,2025-10-03,Western Cape,Backpack,Accessories,1,917.77,S. Dlamini,917.77
ORD10370,2025-10-04,KwaZulu-Natal,Bluetooth Speaker,Electronics,2,593.57,S. Dlamini,1187.14
ORD10885,2025-10-04,Eastern Cape,USB-C Hub,Electronics,2,441.14,L. van der Merwe,882.28
ORD10176,2025-10-06,Western Cape,Wireless Mouse,Electronics,3,260.82,S. Dlamini,782.46
ORD10462,2025-10-07,Free State,Office Chair,Furniture,1,1535.99,L. van der Merwe,1535.99
ORD10796,2025-10-08,KwaZulu-Natal,Office Chair,Furniture,3,1487.14,R. Naidoo,4461.42
ORD10527,2025-10-08,Eastern Cape,Office Chair,Furniture,1,1433.61,T. Nkosi,1433.61
ORD10719,2025-10-08,KwaZulu-Natal,Backpack,Accessories,10,907.39,R. Naidoo,9073.9
ORD11029,2025-10-08,Western Cape,Backpack,Accessories,2,865.25,T. Nkosi,1730.5
ORD10534,2025-10-08,Gauteng,Notebook Set,Stationery,2,90.86,L. van der Merwe,181.72
ORD10090,2025-10-09,Eastern Cape,LED Desk Lamp,Home,2,355.18,R. Naidoo,710.36
ORD10544,2025-10-09,KwaZulu-Natal,USB-C Hub,Electronics,1,434.54,S. Dlamini,434.54
ORD10350,2025-10-09,Western Cape,Yoga Mat,Fitness,2,283.11,T. Nkosi,566.22
ORD10192,2025-10-10,Eastern Cape,Bluetooth Speaker,Electronics,3,576.74,L. van der Merwe,1730.22
ORD10194,2025-10-10,Free State,LED Desk Lamp,Home,1,340.78,L. van der Merwe,340.78
ORD10004,2025-10-10,Gauteng,Notebook Set,Stationery,1,94.25,M. Botha,94.25
ORD10726,2025-10-10,KwaZulu-Natal,Yoga Mat,Fitness,10,290.16,S. Dlamini,2901.6
ORD10033,2025-10-11,Gauteng,Notebook Set,Stationery,2,86.53,S. Dlamini,173.06
ORD10734,2025-10-11,Free State,Yoga Mat,Fitness,2,270.24,T. Nkosi,540.48
ORD10856,2025-10-11,Free State,Wireless Mouse,Electronics,5,247.54,S. Dlamini,1237.7
ORD10077,2025-10-11,KwaZulu-Natal,Office Chair,Furniture,1,1465.17,L. van der Merwe,1465.17
ORD10436,2025-10-11,Free State,Yoga Mat,Fitness,10,265.17,M. Botha,2651.7
ORD10205,2025-10-11,Gauteng,LED Desk Lamp,Home,1,351.96,T. Nkosi,351.96
ORD10072,2025-10-12,Free State,Wireless Mouse,Electronics,1,243.52,R. Naidoo,243.52
ORD10706,2025-10-13,Eastern Cape,Water Bottle,Fitness,1,148.29,R. Naidoo,148.29
ORD10847,2025-10-13,Eastern Cape,Standing Desk,Furniture,3,3392.98,L. van der Merwe,10178.94
ORD10913,2025-10-14,Free State,Water Bottle,Fitness,1,145.09,R. Naidoo,145.09
ORD11103,2025-10-14,Eastern Cape,Standing Desk,Furniture,2,3263.47,R. Naidoo,6526.94
ORD10503,2025-10-14,Free State,USB-C Hub,Electronics,2,415.06,M. Botha,830.12
ORD11066,2025-10-14,Western Cape,Office Chair,Furniture,2,1557.7,S. Dlamini,3115.4
ORD10009,2025-10-15,Eastern Cape,Yoga Mat,Fitness,1,272.44,M. Botha,272.44
ORD10444,2025-10-15,KwaZulu-Natal,Wireless Mouse,Electronics,1,252.89,M. Botha,252.89
ORD11069,2025-10-15,Free State,Yoga Mat,Fitness,1,277.26,R. Naidoo,277.26
ORD10584,2025-10-15,Free State,Yoga Mat,Fitness,1,270.6,T. Nkosi,270.6
ORD10574,2025-10-15,Free State,Yoga Mat,Fitness,10,276.08,L. van der Merwe,2760.8
ORD11082,2025-10-16,Free State,Bluetooth Speaker,Electronics,1,581.17,L. van der Merwe,581.17
ORD10670,2025-10-17,Free State,Bluetooth Speaker,Electronics,5,608.37,T. Nkosi,3041.85
ORD10897,2025-10-17,Free State,Backpack,Accessories,1,903.66,T. Nkosi,903.66
ORD10122,2025-10-17,Gauteng,Backpack,Accessories,3,875.95,T. Nkosi,2627.85
ORD10352,2025-10-17,Eastern Cape,Wireless Mouse,Electronics,10,251.1,R. Naidoo,2511.0
ORD10362,2025-10-18,Western Cape,Office Chair,Furniture,5,1551.58,L. van der Merwe,7757.9
ORD10008,2025-10-18,Western Cape,Wireless Mouse,Electronics,3,247.52,L. van der Merwe,742.56
ORD10422,2025-10-19,Western Cape,Wireless Mouse,Electronics,5,260.27,L. van der Merwe,1301.35
ORD10828,2025-10-19,Free State,Bluetooth Speaker,Electronics,5,574.71,S. Dlamini,2873.55
ORD10085,2025-10-19,Gauteng,Office Chair,Furniture,1,1542.87,R. Naidoo,1542.87
ORD10939,2025-10-19,Eastern Cape,Standing Desk,Furniture,5,3196.18,S. Dlamini,15980.9
ORD10800,2025-10-20,Gauteng,Standing Desk,Furniture,3,3194.06,T. Nkosi,9582.18
ORD10391,2025-10-20,KwaZulu-Natal,Office Chair,Furniture,2,1428.16,L. van der Merwe,2856.32
ORD10567,2025-10-20,Free State,LED Desk Lamp,Home,2,340.98,M. Botha,681.96
ORD10622,2025-10-20,Gauteng,Notebook Set,Stationery,5,91.13,L. van der Merwe,455.65
ORD10416,2025-10-21,Western Cape,LED Desk Lamp,Home,1,355.5,L. van der Merwe,355.5
ORD10776,2025-10-21,Free State,Bluetooth Speaker,Electronics,2,584.93,L. van der Merwe,1169.86
ORD10483,2025-10-21,Gauteng,Standing Desk,Furniture,1,3178.5,T. Nkosi,3178.5
ORD10223,2025-10-21,KwaZulu-Natal,Notebook Set,Stationery,1,93.66,M. Botha,93.66
ORD10862,2025-10-21,Free State,Backpack,Accessories,3,880.95,R. Naidoo,2642.85
ORD10348,2025-10-21,KwaZulu-Natal,Bluetooth Speaker,Electronics,1,625.49,R. Naidoo,625.49
ORD10722,2025-10-22,Western Cape,Office Chair,Furniture,2,1441.58,R. Naidoo,2883.16
ORD10676,2025-10-22,Eastern Cape,Wireless Mouse,Electronics,1,254.99,M. Botha,254.99
ORD10511,2025-10-22,Free State,Wireless Mouse,Electronics,10,246.77,R. Naidoo,2467.7
ORD10504,2025-10-22,KwaZulu-Natal,Notebook Set,Stationery,2,93.37,R. Naidoo,186.74
ORD10458,2025-10-22,Gauteng,Bluetooth Speaker,Electronics,1,616.62,S. Dlamini,616.62
ORD10687,2025-10-22,Eastern Cape,Standing Desk,Furniture,5,3241.02,S. Dlamini,16205.1
ORD11177,2025-10-23,Gauteng,Standing Desk,Furniture,5,3188.22,L. van der Merwe,15941.1
ORD10366,2025-10-23,KwaZulu-Natal,USB-C Hub,Electronics,1,443.11,L. van der Merwe,443.11
ORD10972,2025-10-23,Western Cape,Standing Desk,Furniture,1,3333.92,L. van der Merwe,3333.92
ORD10211,2025-10-24,KwaZulu-Natal,Backpack,Accessories,2,892.88,T. Nkosi,1785.76
ORD10047,2025-10-24,KwaZulu-Natal,Backpack,Accessories,1,881.37,R. Naidoo,881.37
ORD10028,2025-10-24,Western Cape,Bluetooth Speaker,Electronics,1,625.45,M. Botha,625.45
ORD11130,2025-10-24,Gauteng,Water Bottle,Fitness,1,151.0,T. Nkosi,151.0
ORD10751,2025-10-24,KwaZulu-Natal,LED Desk Lamp,Home,2,349.67,M. Botha,699.34
ORD10760,2025-10-25,Gauteng,USB-C Hub,Electronics,5,438.66,R. Naidoo,2193.3
ORD10712,2025-10-25,Western Cape,Standing Desk,Furniture,2,3312.08,L. van der Merwe,6624.16
ORD11076,2025-10-25,Free State,Notebook Set,Stationery,10,87.48,L. van der Merwe,874.8
ORD10926,2025-10-26,Eastern Cape,Yoga Mat,Fitness,2,281.27,L. van der Merwe,562.54
ORD10401,2025-10-26,KwaZulu-Natal,Backpack,Accessories,1,896.35,R. Naidoo,896.35
ORD11171,2025-10-27,Western Cape,Office Chair,Furniture,1,1442.98,R. Naidoo,1442.98
ORD10964,2025-10-27,KwaZulu-Natal,Office Chair,Furniture,1,1474.28,R. Naidoo,1474.28
ORD10341,2025-10-27,KwaZulu-Natal,Yoga Mat,Fitness,1,291.38,L. van der Merwe,291.38
ORD10468,2025-10-27,Eastern Cape,LED Desk Lamp,Home,3,353.57,M. Botha,1060.71
ORD10601,2025-10-27,Eastern Cape,Office Chair,Furniture,1,1532.37,R. Naidoo,1532.37
ORD10478,2025-10-28,KwaZulu-Natal,Water Bottle,Fitness,1,147.16,M. Botha,147.16
ORD10097,2025-10-28,KwaZulu-Natal,USB-C Hub,Electronics,10,419.68,L. van der Merwe,4196.8
ORD10944,2025-10-28,Eastern Cape,Notebook Set,Stationery,1,90.92,M. Botha,90.92
ORD11110,2025-10-28,Gauteng,Water Bottle,Fitness,1,150.3,S. Dlamini,150.3
ORD10381,2025-10-29,Gauteng,Yoga Mat,Fitness,1,276.61,T. Nkosi,276.61
ORD10473,2025-10-29,KwaZulu-Natal,Water Bottle,Fitness,1,147.0,L. van der Merwe,147.0
ORD10472,2025-10-30,Gauteng,Bluetooth Speaker,Electronics,1,617.73,T. Nkosi,617.73
ORD11163,2025-10-30,Eastern Cape,Notebook Set,Stationery,1,89.57,L. van der Merwe,89.57
ORD10681,2025-10-31,Eastern Cape,Bluetooth Speaker,Electronics,1,571.19,R. Naidoo,571.19
ORD11070,2025-10-31,KwaZulu-Natal,Backpack,Accessories,2,892.88,M. Botha,1785.76
ORD10339,2025-10-31,Free State,Bluetooth Speaker,Electronics,1,607.22,R. Naidoo,607.22
ORD10633,2025-10-31,Gauteng,USB-C Hub,Electronics,5,424.36,M. Botha,2121.8
ORD11017,2025-10-31,Gauteng,Standing Desk,Furniture,2,3362.91,R. Naidoo,6725.82
ORD10697,2025-10-31,Free State,Yoga Mat,Fitness,1,290.02,R. Naidoo,290.02
ORD10123,2025-11-02,Western Cape,Water Bottle,Fitness,2,146.45,S. Dlamini,292.9
ORD10463,2025-11-02,KwaZulu-Natal,Notebook Set,Stationery,1,86.6,M. Botha,86.6
ORD10656,2025-11-02,Eastern Cape,LED Desk Lamp,Home,2,342.13,M. Botha,684.26
ORD10642,2025-11-02,KwaZulu-Natal,Office Chair,Furniture,1,1513.73,S. Dlamini,1513.73
ORD10737,2025-11-03,Gauteng,Standing Desk,Furniture,2,3296.71,M. Botha,6593.42
ORD10956,2025-11-03,Free State,Wireless Mouse,Electronics,5,254.75,T. Nkosi,1273.75
ORD10551,2025-11-03,Western Cape,Backpack,Accessories,3,919.89,T. Nkosi,2759.67
ORD11081,2025-11-04,Western Cape,Wireless Mouse,Electronics,1,244.18,T. Nkosi,244.18
ORD10372,2025-11-04,Gauteng,LED Desk Lamp,Home,1,342.32,L. van der Merwe,342.32
ORD10562,2025-11-04,Free State,Office Chair,Furniture,3,1522.61,S. Dlamini,4567.83
ORD10485,2025-11-04,Eastern Cape,Standing Desk,Furniture,10,3190.32,M. Botha,31903.2
ORD10148,2025-11-05,Western Cape,LED Desk Lamp,Home,1,337.14,T. Nkosi,337.14
ORD10156,2025-11-05,Gauteng,LED Desk Lamp,Home,2,340.83,S. Dlamini,681.66
ORD10831,2025-11-06,KwaZulu-Natal,Notebook Set,Stationery,2,90.52,T. Nkosi,181.04
ORD10651,2025-11-06,Eastern Cape,Water Bottle,Fitness,5,146.84,M. Botha,734.2
ORD11073,2025-11-06,Western Cape,Wireless Mouse,Electronics,1,237.53,S. Dlamini,237.53
ORD10791,2025-11-07,KwaZulu-Natal,Office Chair,Furniture,3,1547.17,T. Nkosi,4641.51
ORD10872,2025-11-07,KwaZulu-Natal,Backpack,Accessories,3,924.29,L. van der Merwe,2772.87
ORD10232,2025-11-07,Western Cape,Standing Desk,Furniture,10,3184.59,R. Naidoo,31845.9
ORD10502,2025-11-07,Free State,Notebook Set,Stationery,3,94.16,R. Naidoo,282.48
ORD10043,2025-11-07,Free State,Bluetooth Speaker,Electronics,3,612.69,R. Naidoo,1838.07
ORD10414,2025-11-08,Gauteng,Backpack,Accessories,1,924.6,S. Dlamini,924.6
ORD10383,2025-11-08,Eastern Cape,Backpack,Accessories,1,878.81,T. Nkosi,878.81
ORD10497,2025-11-08,Eastern Cape,Backpack,Accessories,1,877.7,R. Naidoo,877.7
ORD10319,2025-11-08,KwaZulu-Natal,Standing Desk,Furniture,2,3316.62,T. Nkosi,6633.24
ORD11161,2025-11-08,Free State,Notebook Set,Stationery,2,86.42,M. Botha,172.84
ORD10727,2025-11-08,Eastern Cape,Wireless Mouse,Electronics,10,246.42,M. Botha,2464.2
ORD10154,2025-11-09,Gauteng,Office Chair,Furniture,10,1572.6,S. Dlamini,15726.0
ORD10206,2025-11-09,Free State,USB-C Hub,Electronics,2,442.96,L. van der Merwe,885.92
ORD10615,2025-11-09,Free State,Backpack,Accessories,10,898.33,S. Dlamini,8983.3
ORD10645,2025-11-10,KwaZulu-Natal,Backpack,Accessories,3,943.08,L. van der Merwe,2829.24
ORD11170,2025-11-10,Gauteng,Wireless Mouse,Electronics,2,239.37,S. Dlamini,478.74
ORD10995,2025-11-10,KwaZulu-Natal,Wireless Mouse,Electronics,2,252.66,S. Dlamini,505.32
ORD10600,2025-11-10,Eastern Cape,Yoga Mat,Fitness,2,277.92,M. Botha,555.84
ORD10515,2025-11-10,KwaZulu-Natal,Backpack,Accessories,2,875.37,S. Dlamini,1750.74
ORD10702,2025-11-10,Western Cape,LED Desk Lamp,Home,1,359.62,M. Botha,359.62
ORD10536,2025-11-10,KwaZulu-Natal,Standing Desk,Furniture,5,3340.34,S. Dlamini,16701.7
ORD10032,2025-11-10,KwaZulu-Natal,LED Desk Lamp,Home,10,361.16,M. Botha,3611.6
ORD10780,2025-11-11,Western Cape,Yoga Mat,Fitness,2,291.2,M. Botha,582.4
ORD10126,2025-11-11,Eastern Cape,Yoga Mat,Fitness,1,277.66,M. Botha,277.66
ORD10259,2025-11-12,Western Cape,Wireless Mouse,Electronics,3,239.0,R. Naidoo,717.0
ORD10558,2025-11-12,KwaZulu-Natal,Wireless Mouse,Electronics,3,257.35,M. Botha,772.05
ORD11140,2025-11-12,Free State,Office Chair,Furniture,2,1507.36,T. Nkosi,3014.72
ORD10119,2025-11-12,Free State,USB-C Hub,Electronics,5,435.65,S. Dlamini,2178.25
ORD10596,2025-11-12,Western Cape,Standing Desk,Furniture,1,3439.9,S. Dlamini,3439.9
ORD10686,2025-11-12,Western Cape,Backpack,Accessories,1,864.31,T. Nkosi,864.31
ORD10947,2025-11-13,KwaZulu-Natal,LED Desk Lamp,Home,1,346.53,R. Naidoo,346.53
ORD10294,2025-11-13,Free State,USB-C Hub,Electronics,1,422.48,S. Dlamini,422.48
ORD10875,2025-11-13,Free State,Wireless Mouse,Electronics,1,253.59,M. Botha,253.59
ORD10805,2025-11-13,Eastern Cape,Office Chair,Furniture,1,1467.55,L. van der Merwe,1467.55
ORD11054,2025-11-13,KwaZulu-Natal,Yoga Mat,Fitness,10,267.35,M. Botha,2673.5
ORD10452,2025-11-13,KwaZulu-Natal,Standing Desk,Furniture,3,3230.9,M. Botha,9692.7
ORD10886,2025-11-14,Eastern Cape,Water Bottle,Fitness,1,141.56,L. van der Merwe,141.56
ORD11176,2025-11-14,Western Cape,Bluetooth Speaker,Electronics,3,592.15,R. Naidoo,1776.45
ORD11025,2025-11-15,Western Cape,Notebook Set,Stationery,2,90.82,T. Nkosi,181.64
ORD10170,2025-11-15,Western Cape,Notebook Set,Stationery,1,85.92,T. Nkosi,85.92
ORD11185,2025-11-15,KwaZulu-Natal,Backpack,Accessories,1,870.69,S. Dlamini,870.69
ORD10453,2025-11-15,Gauteng,Wireless Mouse,Electronics,10,243.5,T. Nkosi,2435.0
ORD10959,2025-11-16,Eastern Cape,Wireless Mouse,Electronics,3,245.56,M. Botha,736.68
ORD10614,2025-11-16,KwaZulu-Natal,Backpack,Accessories,3,877.39,L. van der Merwe,2632.17
ORD10161,2025-11-16,Western Cape,Backpack,Accessories,1,868.64,R. Naidoo,868.64
ORD10560,2025-11-17,Eastern Cape,Water Bottle,Fitness,2,149.39,M. Botha,298.78
ORD10903,2025-11-17,Gauteng,Bluetooth Speaker,Electronics,5,617.45,S. Dlamini,3087.25
ORD11193,2025-11-17,Gauteng,Standing Desk,Furniture,5,3344.77,M. Botha,16723.85
ORD10770,2025-11-17,Western Cape,Wireless Mouse,Electronics,3,257.73,R. Naidoo,773.19
ORD11142,2025-11-18,Gauteng,Standing Desk,Furniture,1,3342.36,M. Botha,3342.36
ORD10379,2025-11-18,Gauteng,Office Chair,Furniture,1,1572.19,M. Botha,1572.19
ORD11143,2025-11-18,KwaZulu-Natal,Office Chair,Furniture,1,1438.03,T. Nkosi,1438.03
ORD10608,2025-11-18,Gauteng,Yoga Mat,Fitness,2,289.66,T. Nkosi,579.32
ORD10680,2025-11-19,Eastern Cape,Wireless Mouse,Electronics,2,254.89,R. Naidoo,509.78
ORD10613,2025-11-19,Free State,USB-C Hub,Electronics,2,433.81,R. Naidoo,867.62
ORD10439,2025-11-20,Eastern Cape,Office Chair,Furniture,3,1530.76,L. van der Merwe,4592.28
ORD11027,2025-11-21,Western Cape,USB-C Hub,Electronics,1,434.56,S. Dlamini,434.56
ORD10271,2025-11-21,Western Cape,Notebook Set,Stationery,1,87.9,R. Naidoo,87.9
ORD10325,2025-11-21,Gauteng,Notebook Set,Stationery,1,90.32,S. Dlamini,90.32
ORD11056,2025-11-21,Gauteng,Yoga Mat,Fitness,2,292.74,L. van der Merwe,585.48
ORD10812,2025-11-22,KwaZulu-Natal,Office Chair,Furniture,1,1507.35,T. Nkosi,1507.35
ORD10643,2025-11-22,Gauteng,Yoga Mat,Fitness,2,287.85,L. van der Merwe,575.7
ORD10430,2025-11-23,Free State,Water Bottle,Fitness,2,148.29,M. Botha,296.58
ORD10054,2025-11-23,Western Cape,Yoga Mat,Fitness,10,272.28,M. Botha,2722.8
ORD10628,2025-11-24,Gauteng,Yoga Mat,Fitness,2,265.68,S. Dlamini,531.36
ORD11191,2025-11-24,KwaZulu-Natal,Notebook Set,Stationery,1,87.92,L. van der Merwe,87.92
ORD10498,2025-11-24,Free State,USB-C Hub,Electronics,1,448.12,R. Naidoo,448.12
ORD10007,2025-11-24,Gauteng,Notebook Set,Stationery,2,86.96,S. Dlamini,173.92
ORD10197,2025-11-25,Free State,USB-C Hub,Electronics,10,445.69,R. Naidoo,4456.9
ORD11100,2025-11-25,KwaZulu-Natal,USB-C Hub,Electronics,1,419.85,M. Botha,419.85
ORD10257,2025-11-25,Western Cape,LED Desk Lamp,Home,10,338.46,M. Botha,3384.6
ORD10149,2025-11-26,Eastern Cape,Office Chair,Furniture,10,1526.15,S. Dlamini,15261.5
ORD10174,2025-11-26,Free State,Bluetooth Speaker,Electronics,1,571.71,R. Naidoo,571.71
ORD10635,2025-11-26,Western Cape,Backpack,Accessories,10,862.79,R. Naidoo,8627.9
ORD10794,2025-11-26,KwaZulu-Natal,Standing Desk,Furniture,1,3436.2,T. Nkosi,3436.2
ORD10930,2025-11-27,KwaZulu-Natal,LED Desk Lamp,Home,1,338.3,S. Dlamini,338.3
ORD10619,2025-11-27,KwaZulu-Natal,Standing Desk,Furniture,10,3436.29,R. Naidoo,34362.9
ORD10347,2025-11-27,Gauteng,LED Desk Lamp,Home,2,332.79,L. van der Merwe,665.58
ORD10535,2025-11-27,Free State,USB-C Hub,Electronics,5,418.27,R. Naidoo,2091.35
ORD10084,2025-11-28,Western Cape,Bluetooth Speaker,Electronics,2,594.52,S. Dlamini,1189.04
ORD10850,2025-11-28,KwaZulu-Natal,Office Chair,Furniture,10,1533.86,S. Dlamini,15338.6
ORD11104,2025-11-28,KwaZulu-Natal,Yoga Mat,Fitness,5,269.65,L. van der Merwe,1348.25
ORD10482,2025-11-28,Gauteng,LED Desk Lamp,Home,10,348.77,T. Nkosi,3487.7
ORD11135,2025-11-29,KwaZulu-Natal,USB-C Hub,Electronics,1,442.12,M. Botha,442.12
ORD10798,2025-11-29,Free State,LED Desk Lamp,Home,1,337.54,M. Botha,337.54
ORD10477,2025-11-29,Eastern Cape,LED Desk Lamp,Home,10,362.84,T. Nkosi,3628.4
ORD10911,2025-11-30,Gauteng,Office Chair,Furniture,1,1470.77,S. Dlamini,1470.77
ORD10278,2025-11-30,KwaZulu-Natal,USB-C Hub,Electronics,3,426.02,S. Dlamini,1278.06
ORD11019,2025-11-30,Eastern Cape,Wireless Mouse,Electronics,1,250.46,L. van der Merwe,250.46
ORD10684,2025-12-01,Free State,Office Chair,Furniture,1,1429.58,R. Naidoo,1429.58
ORD10101,2025-12-02,Free State,Bluetooth Speaker,Electronics,1,612.32,T. Nkosi,612.32
ORD10382,2025-12-02,Gauteng,Backpack,Accessories,3,932.97,M. Botha,2798.91
ORD10177,2025-12-02,Western Cape,Wireless Mouse,Electronics,3,259.04,S. Dlamini,777.12
ORD10528,2025-12-02,Free State,USB-C Hub,Electronics,1,418.81,S. Dlamini,418.81
ORD10832,2025-12-02,Free State,USB-C Hub,Electronics,1,424.49,R. Naidoo,424.49
ORD11064,2025-12-02,Free State,Office Chair,Furniture,2,1499.1,L. van der Merwe,2998.2
ORD11075,2025-12-03,Western Cape,LED Desk Lamp,Home,1,340.97,R. Naidoo,340.97
ORD10134,2025-12-03,KwaZulu-Natal,Backpack,Accessories,1,906.0,L. van der Merwe,906.0
ORD10842,2025-12-03,Western Cape,Yoga Mat,Fitness,3,290.77,L. van der Merwe,872.31
ORD11034,2025-12-03,Western Cape,Backpack,Accessories,1,915.78,L. van der Merwe,915.78
ORD10432,2025-12-04,Free State,Water Bottle,Fitness,3,152.22,T. Nkosi,456.66
ORD10748,2025-12-04,Eastern Cape,Wireless Mouse,Electronics,1,242.4,R. Naidoo,242.4
ORD10766,2025-12-04,Eastern Cape,LED Desk Lamp,Home,10,333.28,L. van der Merwe,3332.8
ORD10582,2025-12-04,Gauteng,Yoga Mat,Fitness,5,283.47,T. Nkosi,1417.35
ORD10111,2025-12-04,Western Cape,LED Desk Lamp,Home,2,355.71,T. Nkosi,711.42
ORD10659,2025-12-04,Gauteng,Notebook Set,Stationery,1,93.68,S. Dlamini,93.68
ORD10245,2025-12-05,Western Cape,Notebook Set,Stationery,3,87.62,R. Naidoo,262.86
ORD10481,2025-12-05,Western Cape,Office Chair,Furniture,3,1514.29,R. Naidoo,4542.87
ORD10157,2025-12-06,Free State,Bluetooth Speaker,Electronics,3,587.63,L. van der Merwe,1762.89
ORD10510,2025-12-06,Western Cape,LED Desk Lamp,Home,1,364.19,M. Botha,364.19
ORD10981,2025-12-06,Free State,Notebook Set,Stationery,1,87.78,T. Nkosi,87.78
ORD11097,2025-12-06,Eastern Cape,Office Chair,Furniture,5,1479.77,R. Naidoo,7398.85
ORD10778,2025-12-06,KwaZulu-Natal,Standing Desk,Furniture,2,3300.53,L. van der Merwe,6601.06
ORD10543,2025-12-07,Gauteng,Standing Desk,Furniture,10,3376.63,R. Naidoo,33766.3
ORD11005,2025-12-07,Western Cape,Notebook Set,Stationery,10,86.82,M. Botha,868.2
ORD10958,2025-12-07,KwaZulu-Natal,Wireless Mouse,Electronics,1,243.0,L. van der Merwe,243.0
ORD10308,2025-12-07,Free State,LED Desk Lamp,Home,1,357.57,T. Nkosi,357.57
ORD10914,2025-12-08,Western Cape,LED Desk Lamp,Home,2,359.47,R. Naidoo,718.94
ORD10441,2025-12-08,KwaZulu-Natal,Water Bottle,Fitness,3,149.93,M. Botha,449.79
ORD10609,2025-12-08,Western Cape,Office Chair,Furniture,3,1429.55,S. Dlamini,4288.65
ORD10039,2025-12-09,Gauteng,USB-C Hub,Electronics,3,441.11,S. Dlamini,1323.33
ORD10654,2025-12-09,Gauteng,Water Bottle,Fitness,2,148.59,M. Botha,297.18
ORD10629,2025-12-10,Western Cape,Standing Desk,Furniture,2,3309.65,S. Dlamini,6619.3
ORD10442,2025-12-10,Eastern Cape,Notebook Set,Stationery,1,85.72,L. van der Merwe,85.72
ORD10089,2025-12-10,Eastern Cape,USB-C Hub,Electronics,10,422.48,L. van der Merwe,4224.8
ORD10830,2025-12-10,Gauteng,Wireless Mouse,Electronics,2,245.34,M. Botha,490.68
ORD10049,2025-12-11,Free State,Water Bottle,Fitness,2,148.29,L. van der Merwe,296.58
ORD10507,2025-12-11,KwaZulu-Natal,USB-C Hub,Electronics,2,418.2,T. Nkosi,836.4
ORD10459,2025-12-11,Eastern Cape,USB-C Hub,Electronics,5,426.13,M. Botha,2130.65
ORD10899,2025-12-11,Free State,Wireless Mouse,Electronics,10,237.54,S. Dlamini,2375.4
ORD10435,2025-12-11,KwaZulu-Natal,Standing Desk,Furniture,2,3149.39,R. Naidoo,6298.78
ORD11129,2025-12-12,Western Cape,Wireless Mouse,Electronics,1,249.98,S. Dlamini,249.98
ORD10632,2025-12-12,KwaZulu-Natal,Bluetooth Speaker,Electronics,10,572.09,T. Nkosi,5720.9
ORD10102,2025-12-12,KwaZulu-Natal,Yoga Mat,Fitness,5,283.18,S. Dlamini,1415.9
ORD10955,2025-12-12,Western Cape,Notebook Set,Stationery,3,87.09,R. Naidoo,261.27
ORD10666,2025-12-12,KwaZulu-Natal,Notebook Set,Stationery,2,91.38,M. Botha,182.76
ORD10626,2025-12-13,KwaZulu-Natal,Notebook Set,Stationery,1,92.89,L. van der Merwe,92.89
ORD10000,2025-12-13,Gauteng,Bluetooth Speaker,Electronics,2,582.42,M. Botha,1164.84
ORD10286,2025-12-14,Free State,Standing Desk,Furniture,10,3257.47,S. Dlamini,32574.7
ORD10521,2025-12-14,KwaZulu-Natal,LED Desk Lamp,Home,3,332.72,M. Botha,998.16
ORD10140,2025-12-14,Western Cape,Notebook Set,Stationery,3,89.36,M. Botha,268.08
ORD10215,2025-12-15,Free State,Yoga Mat,Fitness,3,283.91,M. Botha,851.73
ORD10790,2025-12-16,Eastern Cape,Wireless Mouse,Electronics,1,245.4,S. Dlamini,245.4
ORD10447,2025-12-16,Free State,Backpack,Accessories,2,880.5,L. van der Merwe,1761.0
ORD11051,2025-12-16,KwaZulu-Natal,Yoga Mat,Fitness,5,278.69,S. Dlamini,1393.45
ORD10932,2025-12-16,Western Cape,Water Bottle,Fitness,2,151.61,L. van der Merwe,303.22
ORD10392,2025-12-16,Western Cape,Standing Desk,Furniture,5,3303.38,R. Naidoo,16516.9
ORD10445,2025-12-17,Western Cape,USB-C Hub,Electronics,1,447.3,M. Botha,447.3
ORD10781,2025-12-17,Free State,Wireless Mouse,Electronics,3,249.05,R. Naidoo,747.15
ORD10066,2025-12-17,Gauteng,Standing Desk,Furniture,1,3364.05,M. Botha,3364.05
ORD10792,2025-12-17,KwaZulu-Natal,Standing Desk,Furniture,2,3344.84,M. Botha,6689.68
ORD10079,2025-12-18,Gauteng,Yoga Mat,Fitness,5,278.77,L. van der Merwe,1393.85
ORD10627,2025-12-18,Eastern Cape,Wireless Mouse,Electronics,1,237.59,S. Dlamini,237.59
ORD10756,2025-12-18,Gauteng,Yoga Mat,Fitness,2,277.8,L. van der Merwe,555.6
ORD10051,2025-12-19,Western Cape,Backpack,Accessories,10,889.98,T. Nkosi,8899.8
ORD10533,2025-12-19,Free State,Wireless Mouse,Electronics,3,244.66,R. Naidoo,733.98
ORD10036,2025-12-20,Free State,Yoga Mat,Fitness,1,268.17,M. Botha,268.17
ORD10145,2025-12-20,Gauteng,USB-C Hub,Electronics,1,441.93,T. Nkosi,441.93
ORD10744,2025-12-20,Free State,Office Chair,Furniture,2,1543.24,R. Naidoo,3086.48
ORD11015,2025-12-21,Eastern Cape,USB-C Hub,Electronics,1,435.55,R. Naidoo,435.55
ORD11152,2025-12-21,Gauteng,LED Desk Lamp,Home,1,343.47,S. Dlamini,343.47
ORD10265,2025-12-21,Free State,LED Desk Lamp,Home,1,340.06,S. Dlamini,340.06
ORD11127,2025-12-21,Eastern Cape,USB-C Hub,Electronics,1,448.97,T. Nkosi,448.97
ORD11068,2025-12-22,KwaZulu-Natal,Backpack,Accessories,2,858.14,R. Naidoo,1716.28
ORD10738,2025-12-22,Free State,Yoga Mat,Fitness,2,282.57,S. Dlamini,565.14
ORD10963,2025-12-22,Free State,Bluetooth Speaker,Electronics,5,609.66,S. Dlamini,3048.3
ORD10580,2025-12-22,Free State,Water Bottle,Fitness,10,150.83,R. Naidoo,1508.3
ORD10893,2025-12-23,KwaZulu-Natal,Bluetooth Speaker,Electronics,3,592.22,T. Nkosi,1776.66
ORD10834,2025-12-23,Western Cape,Bluetooth Speaker,Electronics,1,580.48,T. Nkosi,580.48
ORD10581,2025-12-23,Free State,Backpack,Accessories,2,892.88,T. Nkosi,1785.76
ORD11192,2025-12-23,Western Cape,USB-C Hub,Electronics,3,428.91,S. Dlamini,1286.73
ORD11009,2025-12-23,Eastern Cape,LED Desk Lamp,Home,1,350.47,M. Botha,350.47
ORD10355,2025-12-24,Eastern Cape,Backpack,Accessories,1,869.88,M. Botha,869.88
ORD11099,2025-12-24,Western Cape,USB-C Hub,Electronics,10,439.45,R. Naidoo,4394.5
ORD10338,2025-12-25,Gauteng,Notebook Set,Stationery,2,93.57,R. Naidoo,187.14
ORD10109,2025-12-25,Gauteng,Yoga Mat,Fitness,5,281.01,T. Nkosi,1405.05
ORD10526,2025-12-25,Western Cape,Office Chair,Furniture,1,1533.14,L. van der Merwe,1533.14
ORD11183,2025-12-25,Western Cape,Notebook Set,Stationery,1,87.97,R. Naidoo,87.97
ORD11058,2025-12-25,Western Cape,Backpack,Accessories,1,888.24,L. van der Merwe,888.24
ORD10188,2025-12-25,Gauteng,LED Desk Lamp,Home,2,361.78,S. Dlamini,723.56
ORD10129,2025-12-26,Free State,Backpack,Accessories,10,899.5,M. Botha,8995.0
ORD10801,2025-12-26,Free State,Wireless Mouse,Electronics,1,261.84,T. Nkosi,261.84
ORD10708,2025-12-27,Eastern Cape,Office Chair,Furniture,2,1499.1,L. van der Merwe,2998.2
ORD10056,2025-12-28,Gauteng,Water Bottle,Fitness,1,145.0,T. Nkosi,145.0
ORD10690,2025-12-28,Eastern Cape,Wireless Mouse,Electronics,1,237.67,R. Naidoo,237.67
ORD10083,2025-12-28,Eastern Cape,Wireless Mouse,Electronics,10,244.77,R. Naidoo,2447.7
ORD10818,2025-12-29,Gauteng,Backpack,Accessories,1,856.65,R. Naidoo,856.65
ORD10281,2025-12-29,Free State,Standing Desk,Furniture,1,3448.45,R. Naidoo,3448.45
ORD10440,2025-12-30,Free State,Standing Desk,Furniture,3,3437.95,M. Botha,10313.85
ORD10583,2025-12-30,KwaZulu-Natal,Wireless Mouse,Electronics,2,261.98,S. Dlamini,523.96
ORD10602,2025-12-31,KwaZulu-Natal,USB-C Hub,Electronics,1,415.22,R. Naidoo,415.22
ORD11089,2025-12-31,KwaZulu-Natal,Bluetooth Speaker,Electronics,3,624.93,T. Nkosi,1874.79
ORD10925,2025-12-31,Eastern Cape,Water Bottle,Fitness,10,149.28,M. Botha,1492.8
