OrderID,OrderDate,Region,Product,Category,Quantity,UnitPrice,SalesRep
ORD10501,2025-02-05,EASTERN CAPE,LED Desk Lamp,Home,2.0,350.12,M. Botha
ORD10166,2025/01/14,Eastern Cape,Office Chair,Furniture,2.0,1546.47,T. Nkosi
ORD10358,2025-06-15,free state,LED Desk Lamp,Home,1.0,R 343.93,T. Nkosi
ORD11184,15-04-2025,gauteng,USB-C Hub,Electronics,2.0,R 428.79,S. Dlamini
ORD10518,13/09/2025,western cape,Standing Desk,Furniture,10.0,"R 3,399.84",M. Botha
ORD11110,2025-10-28,gauteng,Water Bottle,Fitness,1.0,150.3,S. Dlamini
ORD10076,01/06/2025,E. Cape,Standing Desk,Furniture,2.0,3457.52,S. Dlamini
ORD10747,2025-08-06,W. Cape,Office Chair,Furniture,1.0,1455.51,T. Nkosi
ORD11061,2025/02/21,kwazulu natal,Wireless Mouse,Electronics,2.0,249.29,L. van der Merwe
ORD10328,08-08-2025,W. Cape,LED Desk Lamp,Home,1.0,R 358.99,M. Botha
ORD10863,2025/07/04,Western Cape,Water Bottle,Fitness,3.0,R 149.25,T. Nkosi
ORD11172,2025/06/14,free state,Bluetooth Speaker,Electronics,10.0,608.66,L. van der Merwe
ORD10379,18/11/2025,Guateng,Office Chair,Furniture,1.0,1572.19,M. Botha
ORD10825,26/08/2025,EASTERN CAPE,Office Chair,Furniture,1.0,1430.11,L. van der Merwe
ORD10476,22/01/2025,WESTERN CAPE,Wireless Mouse,Electronics,2.0,239.06,M. Botha
ORD11064,02/12/2025,Free State,Office Chair,Furniture,,,L. van der Merwe
ORD10815,03/04/2025,Western Cape,Bluetooth Speaker,Electronics,3.0,574.66,M. Botha
ORD10974,12-02-2025,eastern cape,Backpack,Accessories,10.0,855.83,M. Botha
ORD10309,15-06-2025,eastern cape,Water Bottle,Fitness,5.0,153.84,S. Dlamini
ORD10694,2025/03/18,WESTERN CAPE,Water Bottle,Fitness,2.0,R 145.67,R. Naidoo
ORD10405,2025-07-16,WESTERN CAPE,Bluetooth Speaker,Electronics,5.0,593.21,T. Nkosi
ORD11042,14/07/2025,kwazulu natal,Bluetooth Speaker,Electronics,3.0,626.1,S. Dlamini
ORD10162,18/08/2025,E. Cape,Wireless Mouse,Electronics,2.0,261.73,M. Botha
ORD10441,2025/12/08,KwaZulu-Natal,Water Bottle,Fitness,3.0,149.93,M. Botha
ORD11112,2025/07/04,FREE STATE,Office Chair,Furniture,10.0,1541.77,T. Nkosi
ORD11165,2025-08-29,Eastern Cape,Office Chair,Furniture,1.0,"R 1,474.62",R. Naidoo
ORD10692,04-06-2025,gauteng,Backpack,Accessories,10.0,R 909.07,R. Naidoo
ORD11136,17-01-2025,Guateng,USB-C Hub,Electronics,1.0,434.73,R. Naidoo
ORD10102,2025/12/12,KZN,Yoga Mat,Fitness,5.0,283.18,S. Dlamini
ORD10660,17-01-2025,kwazulu natal,Office Chair,Furniture,10.0,1451.15,T. Nkosi
ORD10570,28-01-2025,gauteng,USB-C Hub,Electronics,1.0,434.74,M. Botha
ORD10549,2025-04-09,W. Cape,Yoga Mat,Fitness,3.0,287.52,R. Naidoo
ORD10998,2025-02-15,western cape,Standing Desk,Furniture,1.0,3382.55,R. Naidoo
ORD11057,2025/03/16,WESTERN CAPE,Bluetooth Speaker,Electronics,1.0,R 585.45,T. Nkosi
ORD10782,27/05/2025,KwaZulu-Natal,USB-C Hub,Electronics,2.0,R 443.84,S. Dlamini
ORD10772,2025-03-28,Free State,Notebook Set,Stationery,1.0,R 93.31,M. Botha
ORD10770,17-11-2025,W. Cape,Wireless Mouse,Electronics,3.0,257.73,R. Naidoo
ORD10067,2025/01/07,Kwazulu-Natal,Wireless Mouse,Electronics,3.0,239.21,R. Naidoo
ORD10703,2025/04/21,Western Cape,Water Bottle,Fitness,5.0,154.32,R. Naidoo
ORD10618,2025-07-22,KZN,Notebook Set,Stationery,1.0,86.51,L. van der Merwe
ORD10286,14/12/2025,free state,Standing Desk,Furniture,10.0,3257.47,S. Dlamini
ORD10435,2025-12-11,KwaZulu-Natal,Standing Desk,Furniture,,3149.39,R. Naidoo
ORD10031,2025-06-28,Gauteng,Backpack,Accessories,2.0,R 899.53,L. van der Merwe
ORD10305,06/03/2025,WESTERN CAPE,Bluetooth Speaker,Electronics,1.0,628.5,L. van der Merwe
ORD11000,2025-04-25,Free  State,Office Chair,Furniture,1.0,1543.3,S. Dlamini
ORD11009,23/12/2025,EASTERN CAPE,LED Desk Lamp,Home,1.0,R 350.47,M. Botha
ORD10058,2025/07/19,Free  State,Wireless Mouse,Electronics,10.0,237.64,M. Botha
ORD10227,01/06/2025,E. Cape,Office Chair,Furniture,1.0,1426.16,L. van der Merwe
ORD10336,05-01-2025,gauteng,USB-C Hub,Electronics,3.0,434.83,T. Nkosi
ORD10164,12-03-2025,Free  State,USB-C Hub,Electronics,1.0,442.59,T. Nkosi
ORD10926,2025-10-26,EASTERN CAPE,Yoga Mat,Fitness,2.0,281.27,L. van der Merwe
ORD10728,2025-08-17,W. Cape,Water Bottle,Fitness,2.0,141.89,M. Botha
ORD10509,14/04/2025,western cape,Yoga Mat,Fitness,2.0,R 289.40,M. Botha
ORD10837,2025-07-20,Guateng,Yoga Mat,Fitness,2.0,270.67,S. Dlamini
ORD10425,2025/06/27,Free State,Water Bottle,Fitness,5.0,R 151.41,L. van der Merwe
ORD10859,15-01-2025,FREE STATE,Bluetooth Speaker,Electronics,3.0,R 614.40,L. van der Merwe
ORD10299,23-04-2025,EASTERN CAPE,Yoga Mat,Fitness,10.0,269.72,T. Nkosi
ORD10188,25/12/2025,GAUTENG,LED Desk Lamp,Home,2.0,361.78,S. Dlamini
ORD10035,08-03-2025,Guateng,Wireless Mouse,Electronics,2.0,238.59,L. van der Merwe
ORD10990,12-07-2025,Free State,Wireless Mouse,Electronics,1.0,242.77,R. Naidoo
ORD10362,2025-10-18,Western Cape,Office Chair,Furniture,5.0,1551.58,L. van der Merwe
ORD10326,2025-08-21,Western Cape,USB-C Hub,Electronics,2.0,411.25,S. Dlamini
ORD10828,19-10-2025,Free  State,Bluetooth Speaker,Electronics,5.0,574.71,S. Dlamini
ORD11197,2025-05-25,KwaZulu-Natal,Yoga Mat,Fitness,2.0,R 265.49,T. Nkosi
ORD10511,22-10-2025,Free State,Wireless Mouse,Electronics,10.0,246.77,R. Naidoo
ORD10347,2025/11/27,GAUTENG,LED Desk Lamp,Home,,R 332.79,L. van der Merwe
ORD10632,2025-12-12,KZN,Bluetooth Speaker,Electronics,10.0,R 572.09,T. Nkosi
ORD10885,04/10/2025,Eastern Cape,USB-C Hub,Electronics,2.0,R 441.14,L. van der Merwe
ORD10521,14/12/2025,KZN,LED Desk Lamp,Home,3.0,R 332.72,M. Botha
ORD10429,2025/07/26,KwaZulu-Natal,Yoga Mat,Fitness,10.0,R 285.84,T. Nkosi
ORD10803,08-04-2025,EASTERN CAPE,Water Bottle,Fitness,10.0,143.32,S. Dlamini
ORD11072,23/05/2025,gauteng,Standing Desk,Furniture,2.0,"R 3,146.95",S. Dlamini
ORD10956,2025-11-03,Free State,Wireless Mouse,Electronics,5.0,254.75,T. Nkosi
ORD11149,24/03/2025,EASTERN CAPE,Standing Desk,Furniture,3.0,3343.06,S. Dlamini
ORD11130,2025-10-24,Guateng,Water Bottle,Fitness,1.0,151.0,T. Nkosi
ORD10399,13/05/2025,kwazulu natal,Water Bottle,Fitness,1.0,145.93,S. Dlamini
ORD10161,16/11/2025,WESTERN CAPE,Backpack,Accessories,1.0,868.64,R. Naidoo
ORD10687,22/10/2025,E. Cape,Standing Desk,Furniture,5.0,3241.02,S. Dlamini
ORD11069,2025/10/15,Free State,Yoga Mat,Fitness,1.0,277.26,R. Naidoo
ORD10558,12-11-2025,Kwazulu-Natal,Wireless Mouse,Electronics,3.0,R 257.35,M. Botha
ORD10375,26-04-2025,WESTERN CAPE,LED Desk Lamp,Home,1.0,341.23,M. Botha
ORD11020,2025-03-04,western cape,Bluetooth Speaker,Electronics,1.0,602.28,L. van der Merwe
ORD10430,23-11-2025,Free State,Water Bottle,Fitness,,,M. Botha
ORD10725,29/05/2025,Western Cape,LED Desk Lamp,Home,3.0,R 354.65,M. Botha
ORD10138,2025-06-16,EASTERN CAPE,Standing Desk,Furniture,10.0,3246.51,T. Nkosi
ORD10404,28/03/2025,KwaZulu-Natal,Office Chair,Furniture,1.0,"R 1,491.81",R. Naidoo
ORD10133,2025-08-05,FREE STATE,Water Bottle,Fitness,1.0,147.67,S. Dlamini
ORD10882,28-02-2025,free state,Standing Desk,Furniture,10.0,3301.84,T. Nkosi
ORD10110,27/05/2025,KwaZulu-Natal,USB-C Hub,Electronics,1.0,446.62,M. Botha
ORD10582,04-12-2025,Gauteng,Yoga Mat,Fitness,5.0,283.47,T. Nkosi
ORD10260,02-10-2025,Guateng,Wireless Mouse,Electronics,1.0,237.91,T. Nkosi
ORD10850,28-11-2025,Kwazulu-Natal,Office Chair,Furniture,10.0,"R 1,533.86",S. Dlamini
ORD10601,27/10/2025,EASTERN CAPE,Office Chair,Furniture,1.0,"R 1,532.37",R. Naidoo
ORD10557,2025-09-09,Free State,Standing Desk,Furniture,1.0,"R 3,440.93",R. Naidoo
ORD10996,2025-03-15,Eastern Cape,USB-C Hub,Electronics,5.0,R 420.16,L. van der Merwe
ORD10985,2025/09/26,Eastern Cape,Office Chair,Furniture,1.0,1434.52,S. Dlamini
ORD10270,2025-07-14,Free  State,LED Desk Lamp,Home,5.0,338.52,M. Botha
ORD11161,2025-11-08,free state,Notebook Set,Stationery,2.0,R 86.42,M. Botha
ORD10420,2025/02/28,FREE STATE,Yoga Mat,Fitness,1.0,275.45,R. Naidoo
ORD10409,2025-07-26,Kwazulu-Natal,Office Chair,Furniture,3.0,"R 1,536.49",L. van der Merwe
ORD10075,02/10/2025,kwazulu natal,Notebook Set,Stationery,1.0,91.98,L. van der Merwe
ORD10839,2025/01/10,EASTERN CAPE,Yoga Mat,Fitness,10.0,R 271.52,M. Botha
ORD10066,2025-12-17,gauteng,Standing Desk,Furniture,1.0,3364.05,M. Botha
ORD10971,28-08-2025,western cape,Bluetooth Speaker,Electronics,2.0,599.44,L. van der Merwe
ORD10515,10-11-2025,kwazulu natal,Backpack,Accessories,2.0,875.37,S. Dlamini
ORD10753,2025/07/01,kwazulu natal,Yoga Mat,Fitness,10.0,R 283.84,R. Naidoo
ORD10015,07/06/2025,Eastern Cape,LED Desk Lamp,Home,1.0,364.5,T. Nkosi
ORD10437,18-07-2025,free state,Yoga Mat,Fitness,1.0,R 285.43,M. Botha
ORD10447,2025-12-16,free state,Backpack,Accessories,2.0,R 880.50,L. van der Merwe
ORD10730,29-06-2025,E. Cape,Office Chair,Furniture,5.0,"R 1,479.94",R. Naidoo
ORD10411,2025-01-11,Free State,Notebook Set,Stationery,1.0,91.45,T. Nkosi
ORD10661,16/07/2025,free state,Office Chair,Furniture,10.0,1536.89,R. Naidoo
ORD10120,2025-07-05,kwazulu natal,Wireless Mouse,Electronics,10.0,R 248.61,S. Dlamini
ORD10246,2025-09-11,KwaZulu-Natal,Notebook Set,Stationery,1.0,91.12,S. Dlamini
ORD10932,16-12-2025,W. Cape,Water Bottle,Fitness,2.0,R 151.61,L. van der Merwe
ORD10092,2025/09/13,Eastern Cape,Yoga Mat,Fitness,2.0,279.51,T. Nkosi
ORD10342,03/07/2025,WESTERN CAPE,Bluetooth Speaker,Electronics,10.0,R 587.86,R. Naidoo
ORD10760,25-10-2025,gauteng,USB-C Hub,Electronics,5.0,R 438.66,R. Naidoo
ORD10789,29-07-2025,Western Cape,Standing Desk,Furniture,1.0,"R 3,204.68",M. Botha
ORD11104,2025/11/28,Kwazulu-Natal,Yoga Mat,Fitness,5.0,269.65,L. van der Merwe
ORD10596,2025/11/12,Western Cape,Standing Desk,Furniture,1.0,3439.9,S. Dlamini
ORD10315,22-02-2025,gauteng,Yoga Mat,Fitness,5.0,267.54,S. Dlamini
ORD10374,05-04-2025,EASTERN CAPE,USB-C Hub,Electronics,2.0,411.46,R. Naidoo
ORD10962,22/02/2025,WESTERN CAPE,Bluetooth Speaker,Electronics,2.0,615.03,S. Dlamini
ORD10752,20/02/2025,W. Cape,Standing Desk,Furniture,1.0,3431.51,M. Botha
ORD10139,2025/09/06,Western Cape,Office Chair,Furniture,1.0,1464.84,R. Naidoo
ORD11045,02-06-2025,Eastern Cape,Backpack,Accessories,3.0,854.58,T. Nkosi
ORD10595,2025/05/19,Western Cape,Standing Desk,Furniture,5.0,"R 3,386.27",L. van der Merwe
ORD10273,2025-07-28,gauteng,Office Chair,Furniture,5.0,1491.33,T. Nkosi
ORD10191,07/02/2025,EASTERN CAPE,Notebook Set,Stationery,5.0,92.41,S. Dlamini
ORD10898,27-04-2025,Western Cape,Backpack,Accessories,1.0,877.39,L. van der Merwe
ORD10178,17-07-2025,Kwazulu-Natal,Bluetooth Speaker,Electronics,5.0,613.57,L. van der Merwe
ORD10088,23/05/2025,gauteng,Backpack,Accessories,10.0,900.7,M. Botha
ORD10279,13-06-2025,free state,LED Desk Lamp,Home,10.0,343.01,R. Naidoo
ORD11121,12-06-2025,Guateng,Office Chair,Furniture,5.0,1453.95,M. Botha
ORD11033,2025/06/26,,Bluetooth Speaker,Electronics,,,R. Naidoo
ORD10098,2025/07/13,Free  State,Yoga Mat,Fitness,3.0,274.33,S. Dlamini
ORD10584,2025-10-15,Free State,Yoga Mat,Fitness,1.0,270.6,T. Nkosi
ORD10669,2025-04-22,Free State,Wireless Mouse,Electronics,1.0,260.95,T. Nkosi
ORD10593,14-01-2025,FREE STATE,Backpack,Accessories,2.0,R 907.66,T. Nkosi
ORD10666,12/12/2025,KwaZulu-Natal,Notebook Set,Stationery,2.0,91.38,M. Botha
ORD10019,2025-04-28,western cape,Water Bottle,Fitness,1.0,142.61,T. Nkosi
ORD10576,06/06/2025,kwazulu natal,LED Desk Lamp,Home,3.0,344.07,S. Dlamini
ORD10233,2025/02/11,eastern cape,Water Bottle,Fitness,2.0,151.69,M. Botha
ORD11076,2025/10/25,free state,Notebook Set,Stationery,10.0,R 87.48,L. van der Merwe
ORD10544,2025-10-09,KZN,USB-C Hub,Electronics,1.0,R 434.54,S. Dlamini
ORD10222,2025/09/01,free state,Wireless Mouse,Electronics,5.0,253.81,L. van der Merwe
ORD10989,2025-01-05,gauteng,LED Desk Lamp,Home,10.0,348.98,S. Dlamini
ORD10781,17-12-2025,free state,Wireless Mouse,Electronics,3.0,R 249.05,R. Naidoo
ORD11035,09/07/2025,FREE STATE,USB-C Hub,Electronics,1.0,446.95,M. Botha
ORD10427,17/09/2025,E. Cape,Bluetooth Speaker,Electronics,2.0,R 588.87,M. Botha
ORD10319,08-11-2025,KwaZulu-Natal,Standing Desk,Furniture,2.0,3316.62,T. Nkosi
ORD11111,29/04/2025,WESTERN CAPE,Office Chair,Furniture,1.0,"R 1,556.74",L. van der Merwe
ORD10152,2025/01/22,Free  State,Backpack,Accessories,10.0,906.22,M. Botha
ORD10047,24-10-2025,Kwazulu-Natal,Backpack,Accessories,1.0,R 881.37,R. Naidoo
ORD11193,2025/11/17,gauteng,Standing Desk,Furniture,5.0,3344.77,M. Botha
ORD10901,2025-06-21,Kwazulu-Natal,Wireless Mouse,Electronics,10.0,245.4,M. Botha
ORD10980,2025-07-05,EASTERN CAPE,Wireless Mouse,Electronics,2.0,R 243.55,L. van der Merwe
ORD10944,28/10/2025,EASTERN CAPE,Notebook Set,Stationery,1.0,90.92,M. Botha
ORD10065,2025/06/09,gauteng,Backpack,Accessories,,,R. Naidoo
ORD10919,2025-04-11,kwazulu natal,Standing Desk,Furniture,3.0,"R 3,413.65",L. van der Merwe
ORD10155,27-01-2025,Kwazulu-Natal,LED Desk Lamp,Home,5.0,359.09,T. Nkosi
ORD10303,16/04/2025,W. Cape,Standing Desk,Furniture,5.0,"R 3,188.81",T. Nkosi
ORD10707,2025/01/09,W. Cape,Standing Desk,Furniture,2.0,3212.92,S. Dlamini
ORD10715,2025/02/11,KwaZulu-Natal,Backpack,Accessories,2.0,934.23,L. van der Merwe
ORD10734,2025/10/11,free state,Yoga Mat,Fitness,2.0,270.24,T. Nkosi
ORD10231,01-06-2025,WESTERN CAPE,Notebook Set,Stationery,2.0,91.7,M. Botha
ORD10419,29-03-2025,Gauteng,Bluetooth Speaker,Electronics,1.0,620.08,S. Dlamini
ORD11163,2025/10/30,Eastern Cape,Notebook Set,Stationery,1.0,89.57,L. van der Merwe
ORD10288,2025/02/19,Kwazulu-Natal,Notebook Set,Stationery,2.0,90.18,R. Naidoo
ORD10113,07-07-2025,western cape,USB-C Hub,Electronics,1.0,441.29,L. van der Merwe
ORD11062,07/01/2025,E. Cape,Notebook Set,Stationery,3.0,R 88.23,S. Dlamini
ORD10655,2025/08/21,KwaZulu-Natal,Backpack,Accessories,3.0,R 902.15,M. Botha
ORD10063,11/01/2025,Gauteng,Standing Desk,Furniture,1.0,"R 3,447.33",L. van der Merwe
ORD10154,09/11/2025,gauteng,Office Chair,Furniture,10.0,1572.6,S. Dlamini
ORD10516,2025/07/06,EASTERN CAPE,Office Chair,Furniture,2.0,1486.87,S. Dlamini
ORD10993,08-05-2025,Gauteng,Office Chair,Furniture,2.0,1566.61,R. Naidoo
ORD11169,2025-01-03,gauteng,Office Chair,Furniture,3.0,1546.39,S. Dlamini
ORD10693,18-02-2025,free state,Wireless Mouse,Electronics,2.0,240.43,M. Botha
ORD10354,2025-05-17,kwazulu natal,Water Bottle,Fitness,1.0,143.04,L. van der Merwe
ORD10871,2025/01/23,WESTERN CAPE,Standing Desk,Furniture,1.0,3174.41,R. Naidoo
ORD10802,2025-03-29,Free  State,USB-C Hub,Electronics,2.0,413.95,T. Nkosi
ORD10258,2025-04-29,Gauteng,Wireless Mouse,Electronics,1.0,247.8,L. van der Merwe
ORD10862,21/10/2025,free state,Backpack,Accessories,3.0,880.95,R. Naidoo
ORD10225,21-06-2025,Gauteng,Notebook Set,Stationery,2.0,R 90.60,R. Naidoo
ORD10677,05/02/2025,EASTERN CAPE,Yoga Mat,Fitness,5.0,288.6,T. Nkosi
ORD11148,2025/02/07,WESTERN CAPE,LED Desk Lamp,Home,1.0,R 349.19,T. Nkosi
ORD10322,2025-08-30,Free  State,USB-C Hub,Electronics,3.0,R 430.99,T. Nkosi
ORD11077,11/09/2025,WESTERN CAPE,Yoga Mat,Fitness,3.0,269.19,R. Naidoo
ORD10408,26-09-2025,GAUTENG,Bluetooth Speaker,Electronics,,596.36,R. Naidoo
ORD10044,03/10/2025,W. Cape,Backpack,Accessories,1.0,R 917.77,S. Dlamini
ORD10333,27-08-2025,western cape,Wireless Mouse,Electronics,1.0,R 261.34,S. Dlamini
ORD10701,2025/08/23,Gauteng,Office Chair,Furniture,2.0,1444.51,L. van der Merwe
ORD11098,2025-02-09,Western Cape,Backpack,Accessories,1.0,R 886.89,M. Botha
ORD10941,2025-09-26,Guateng,Standing Desk,Furniture,2.0,"R 3,201.97",R. Naidoo
ORD10671,21-08-2025,KZN,Office Chair,Furniture,10.0,"R 1,523.06",R. Naidoo
ORD10163,2025/08/14,Kwazulu-Natal,Standing Desk,Furniture,2.0,3255.4,S. Dlamini
ORD11023,10-06-2025,FREE STATE,Wireless Mouse,Electronics,10.0,240.99,M. Botha
ORD10313,01/01/2025,kwazulu natal,USB-C Hub,Electronics,5.0,435.67,R. Naidoo
ORD10376,31/07/2025,Western Cape,Wireless Mouse,Electronics,1.0,254.19,M. Botha
ORD10574,15/10/2025,free state,Yoga Mat,Fitness,10.0,276.08,L. van der Merwe
ORD10357,2025/09/27,Gauteng,Yoga Mat,Fitness,1.0,R 271.54,T. Nkosi
ORD10940,2025-09-08,Western Cape,Bluetooth Speaker,Electronics,1.0,570.97,L. van der Merwe
ORD11028,2025/08/11,free state,Backpack,Accessories,5.0,927.91,T. Nkosi
ORD10864,2025/03/08,EASTERN CAPE,Office Chair,Furniture,1.0,1437.88,L. van der Merwe
ORD10744,2025-12-20,free state,Office Chair,Furniture,2.0,1543.24,R. Naidoo
ORD10834,23/12/2025,western cape,Bluetooth Speaker,Electronics,1.0,580.48,T. Nkosi
ORD10512,2025/01/28,FREE STATE,Office Chair,Furniture,5.0,1457.34,R. Naidoo
ORD10722,22/10/2025,western cape,Office Chair,Furniture,2.0,1441.58,R. Naidoo
ORD10774,2025/02/20,GAUTENG,Backpack,Accessories,5.0,905.32,T. Nkosi
ORD10726,2025-10-10,KwaZulu-Natal,Yoga Mat,Fitness,10.0,R 290.16,S. Dlamini
ORD10788,19/07/2025,Western Cape,Bluetooth Speaker,Electronics,3.0,588.77,R. Naidoo
ORD11141,12/06/2025,eastern cape,Backpack,Accessories,5.0,R 941.91,R. Naidoo
ORD10112,16-02-2025,Kwazulu-Natal,Wireless Mouse,Electronics,1.0,251.98,S. Dlamini
ORD10830,2025/12/10,Guateng,Wireless Mouse,Electronics,2.0,245.34,M. Botha
ORD10670,17/10/2025,free state,Bluetooth Speaker,Electronics,5.0,608.37,T. Nkosi
ORD10283,2025/12/21,,USB-C Hub,Electronics,,,M. Botha
ORD10575,2025/02/27,Kwazulu-Natal,Bluetooth Speaker,Electronics,3.0,610.07,R. Naidoo
ORD10238,2025/05/27,Free State,Bluetooth Speaker,Electronics,1.0,628.12,L. van der Merwe
ORD10690,28-12-2025,Eastern Cape,Wireless Mouse,Electronics,1.0,237.67,R. Naidoo
ORD10237,2025/01/24,E. Cape,Wireless Mouse,Electronics,1.0,256.13,S. Dlamini
ORD10033,11/10/2025,gauteng,Notebook Set,Stationery,2.0,R 86.53,S. Dlamini
ORD10115,2025-10-02,FREE STATE,USB-C Hub,Electronics,1.0,R 441.47,R. Naidoo
ORD10147,19/09/2025,kwazulu natal,Standing Desk,Furniture,1.0,"R 3,302.46",S. Dlamini
ORD10002,2025/03/23,WESTERN CAPE,USB-C Hub,Electronics,2.0,R 442.27,S. Dlamini
ORD10463,2025/11/02,KwaZulu-Natal,Notebook Set,Stationery,1.0,R 86.60,M. Botha
ORD10987,09-04-2025,eastern cape,Bluetooth Speaker,Electronics,1.0,581.09,R. Naidoo
ORD10681,31/10/2025,eastern cape,Bluetooth Speaker,Electronics,1.0,R 571.19,R. Naidoo
ORD10775,12/08/2025,Kwazulu-Natal,Standing Desk,Furniture,3.0,"R 3,189.02",R. Naidoo
ORD10620,29-01-2025,E. Cape,Office Chair,Furniture,10.0,1541.57,M. Botha
ORD10377,2025-06-03,EASTERN CAPE,Wireless Mouse,Electronics,10.0,R 251.81,R. Naidoo
ORD10059,2025/01/15,free state,Water Bottle,Fitness,10.0,144.82,S. Dlamini
ORD10473,29-10-2025,Kwazulu-Natal,Water Bottle,Fitness,1.0,R 147.00,L. van der Merwe
ORD10072,12/10/2025,free state,Wireless Mouse,Electronics,1.0,243.52,R. Naidoo
ORD10858,06-03-2025,W. Cape,USB-C Hub,Electronics,1.0,409.14,L. van der Merwe
ORD11070,2025-10-31,kwazulu natal,Backpack,Accessories,,,M. Botha
ORD10445,17-12-2025,W. Cape,USB-C Hub,Electronics,1.0,447.3,M. Botha
ORD10979,2025/06/28,WESTERN CAPE,Office Chair,Furniture,2.0,1539.66,S. Dlamini
ORD10811,16-05-2025,E. Cape,LED Desk Lamp,Home,2.0,353.45,R. Naidoo
ORD10641,2025-06-16,Western Cape,Standing Desk,Furniture,,,R. Naidoo
ORD10890,2025/04/18,E. Cape,Notebook Set,Stationery,2.0,91.45,M. Botha
ORD10300,2025-09-11,W. Cape,Notebook Set,Stationery,1.0,92.52,M. Botha
ORD10372,2025/11/04,Guateng,LED Desk Lamp,Home,1.0,342.32,L. van der Merwe
ORD10251,08/01/2025,WESTERN CAPE,Water Bottle,Fitness,2.0,154.51,L. van der Merwe
ORD10737,03-11-2025,Gauteng,Standing Desk,Furniture,2.0,3296.71,M. Botha
ORD10221,2025-08-30,western cape,Water Bottle,Fitness,1.0,143.04,L. van der Merwe
ORD10957,2025/01/09,western cape,USB-C Hub,Electronics,3.0,R 446.54,T. Nkosi
ORD10413,2025-08-03,Eastern Cape,Notebook Set,Stationery,2.0,91.1,M. Botha
ORD11119,2025-07-24,gauteng,Water Bottle,Fitness,1.0,R 145.88,L. van der Merwe
ORD10640,11-08-2025,GAUTENG,USB-C Hub,Electronics,2.0,442.47,M. Botha
ORD10124,2025-03-09,W. Cape,Office Chair,Furniture,1.0,1440.53,S. Dlamini
ORD10984,23-07-2025,GAUTENG,Bluetooth Speaker,Electronics,,,T. Nkosi
ORD10776,2025/10/21,free state,Bluetooth Speaker,Electronics,2.0,R 584.93,L. van der Merwe
ORD10280,2025-07-06,W. Cape,Backpack,Accessories,5.0,879.25,M. Botha
ORD10568,2025-12-20,,Standing Desk,Furniture,,,M. Botha
ORD11190,2025-08-23,E. Cape,Yoga Mat,Fitness,2.0,R 283.56,S. Dlamini
ORD10751,2025-10-24,kwazulu natal,LED Desk Lamp,Home,2.0,R 349.67,M. Botha
ORD10370,04-10-2025,kwazulu natal,Bluetooth Speaker,Electronics,2.0,593.57,S. Dlamini
ORD10800,20/10/2025,Guateng,Standing Desk,Furniture,3.0,3194.06,T. Nkosi
ORD10849,02/03/2025,Free State,Backpack,Accessories,1.0,R 899.66,S. Dlamini
ORD11016,2025/03/04,Kwazulu-Natal,USB-C Hub,Electronics,3.0,R 408.05,M. Botha
ORD10741,18/02/2025,Free State,Notebook Set,Stationery,2.0,R 92.39,M. Botha
ORD10786,2025-07-06,KZN,Bluetooth Speaker,Electronics,1.0,622.99,R. Naidoo
ORD10877,2025-07-25,WESTERN CAPE,Standing Desk,Furniture,1.0,3400.25,R. Naidoo
ORD10836,2025/03/20,eastern cape,Notebook Set,Stationery,10.0,R 89.29,R. Naidoo
ORD10008,18-10-2025,Western Cape,Wireless Mouse,Electronics,3.0,R 247.52,L. van der Merwe
ORD10218,16-03-2025,Free  State,Backpack,Accessories,5.0,927.62,T. Nkosi
ORD10759,23/06/2025,Eastern Cape,USB-C Hub,Electronics,1.0,410.33,M. Botha
ORD10855,19/01/2025,Kwazulu-Natal,LED Desk Lamp,Home,1.0,347.2,M. Botha
ORD11122,2025/03/21,WESTERN CAPE,Yoga Mat,Fitness,1.0,R 272.82,L. van der Merwe
ORD10244,29/01/2025,EASTERN CAPE,Wireless Mouse,Electronics,2.0,250.98,M. Botha
ORD10153,2025-06-25,Kwazulu-Natal,Standing Desk,Furniture,1.0,3450.0,M. Botha
ORD10352,17-10-2025,E. Cape,Wireless Mouse,Electronics,10.0,251.1,R. Naidoo
ORD10963,22/12/2025,FREE STATE,Bluetooth Speaker,Electronics,5.0,609.66,S. Dlamini
ORD11065,14/04/2025,Gauteng,Yoga Mat,Fitness,3.0,273.46,T. Nkosi
ORD11127,2025/12/21,EASTERN CAPE,USB-C Hub,Electronics,1.0,448.97,T. Nkosi
ORD10577,13-04-2025,eastern cape,Backpack,Accessories,10.0,858.08,L. van der Merwe
ORD10893,2025-12-23,Kwazulu-Natal,Bluetooth Speaker,Electronics,3.0,592.22,T. Nkosi
ORD10820,2025/02/06,Western Cape,Office Chair,Furniture,2.0,"R 1,472.49",T. Nkosi
ORD10146,22-07-2025,gauteng,USB-C Hub,Electronics,5.0,432.81,S. Dlamini
ORD10026,2025-01-30,Kwazulu-Natal,Yoga Mat,Fitness,10.0,R 269.37,S. Dlamini
ORD10135,2025-08-08,,Bluetooth Speaker,Electronics,,,M. Botha
ORD10104,2025-01-15,Gauteng,USB-C Hub,Electronics,10.0,R 414.69,S. Dlamini
ORD10965,05-03-2025,Western Cape,Water Bottle,Fitness,2.0,141.87,L. van der Merwe
ORD10819,20-08-2025,Free State,Notebook Set,Stationery,3.0,94.22,M. Botha
ORD11027,21/11/2025,western cape,USB-C Hub,Electronics,1.0,R 434.56,S. Dlamini
ORD11176,14/11/2025,western cape,Bluetooth Speaker,Electronics,3.0,592.15,R. Naidoo
ORD10050,2025/02/07,Western Cape,Standing Desk,Furniture,1.0,3214.82,R. Naidoo
ORD10040,24-08-2025,Guateng,Office Chair,Furniture,1.0,"R 1,552.75",S. Dlamini
ORD10285,2025-01-06,Free  State,Wireless Mouse,Electronics,3.0,261.63,S. Dlamini
ORD10615,09/11/2025,Free  State,Backpack,Accessories,10.0,R 898.33,S. Dlamini
ORD10624,2025-07-11,E. Cape,LED Desk Lamp,Home,2.0,R 350.38,L. van der Merwe
ORD10293,08-09-2025,KZN,Office Chair,Furniture,2.0,"R 1,492.64",M. Botha
ORD10401,2025-10-26,Kwazulu-Natal,Backpack,Accessories,1.0,896.35,R. Naidoo
ORD10909,04/02/2025,E. Cape,Wireless Mouse,Electronics,2.0,R 240.19,M. Botha
ORD10580,2025-12-22,FREE STATE,Water Bottle,Fitness,10.0,150.83,R. Naidoo
ORD11013,2025-01-27,Gauteng,Office Chair,Furniture,3.0,"R 1,570.08",M. Botha
ORD10179,2025/02/10,E. Cape,Yoga Mat,Fitness,2.0,287.4,M. Botha
ORD10265,2025/12/21,Free State,LED Desk Lamp,Home,1.0,340.06,S. Dlamini
ORD10424,07/01/2025,EASTERN CAPE,Bluetooth Speaker,Electronics,1.0,572.84,S. Dlamini
ORD11058,25/12/2025,Western Cape,Backpack,Accessories,1.0,888.24,L. van der Merwe
ORD10958,07/12/2025,kwazulu natal,Wireless Mouse,Electronics,1.0,243.0,L. van der Merwe
ORD11079,2025/05/06,WESTERN CAPE,Office Chair,Furniture,2.0,"R 1,434.46",R. Naidoo
ORD10649,2025/09/07,western cape,Notebook Set,Stationery,1.0,R 86.14,L. van der Merwe
ORD10487,2025/09/16,eastern cape,USB-C Hub,Electronics,1.0,408.26,L. van der Merwe
ORD10215,15-12-2025,FREE STATE,Yoga Mat,Fitness,3.0,283.91,M. Botha
ORD11155,2025/09/07,FREE STATE,Backpack,Accessories,1.0,925.44,R. Naidoo
ORD10526,2025-12-25,Western Cape,Office Chair,Furniture,1.0,1533.14,L. van der Merwe
ORD10406,29/09/2025,W. Cape,Water Bottle,Fitness,1.0,154.84,T. Nkosi
ORD10223,21/10/2025,KZN,Notebook Set,Stationery,1.0,R 93.66,M. Botha
ORD11198,26-01-2025,KwaZulu-Natal,Yoga Mat,Fitness,5.0,274.88,L. van der Merwe
ORD10852,01-08-2025,kwazulu natal,LED Desk Lamp,Home,1.0,341.32,L. van der Merwe
ORD10017,19/04/2025,free state,Yoga Mat,Fitness,2.0,279.77,S. Dlamini
ORD10025,2025/01/02,eastern cape,Yoga Mat,Fitness,5.0,R 290.23,S. Dlamini
ORD10755,2025-01-21,WESTERN CAPE,Water Bottle,Fitness,3.0,152.05,S. Dlamini
ORD10771,06/05/2025,E. Cape,Bluetooth Speaker,Electronics,3.0,R 593.72,L. van der Merwe
ORD10578,2025-05-28,Gauteng,Bluetooth Speaker,Electronics,2.0,625.89,S. Dlamini
ORD10330,2025-01-23,KwaZulu-Natal,Office Chair,Furniture,1.0,1458.29,L. van der Merwe
ORD10822,2025-03-20,EASTERN CAPE,Office Chair,Furniture,2.0,1521.06,S. Dlamini
ORD11038,2025-01-30,Gauteng,Bluetooth Speaker,Electronics,2.0,R 625.65,S. Dlamini
ORD11093,02/10/2025,EASTERN CAPE,Standing Desk,Furniture,10.0,3311.78,R. Naidoo
ORD10486,2025-08-21,FREE STATE,Office Chair,Furniture,1.0,1532.61,L. van der Merwe
ORD10436,2025/10/11,free state,Yoga Mat,Fitness,10.0,265.17,M. Botha
ORD10224,2025/07/23,WESTERN CAPE,Wireless Mouse,Electronics,1.0,R 260.84,L. van der Merwe
ORD10089,2025-12-10,Eastern Cape,USB-C Hub,Electronics,10.0,422.48,L. van der Merwe
ORD10604,29-03-2025,Free  State,Bluetooth Speaker,Electronics,1.0,591.73,M. Botha
ORD10645,2025/11/10,Kwazulu-Natal,Backpack,Accessories,3.0,943.08,L. van der Merwe
ORD10988,05-03-2025,Free State,Yoga Mat,Fitness,1.0,R 267.28,T. Nkosi
ORD10517,2025/05/01,western cape,Yoga Mat,Fitness,2.0,287.77,R. Naidoo
ORD10030,2025/01/05,Kwazulu-Natal,Office Chair,Furniture,3.0,1563.31,M. Botha
ORD10659,2025/12/04,Gauteng,Notebook Set,Stationery,1.0,93.68,S. Dlamini
ORD10496,16/02/2025,KwaZulu-Natal,USB-C Hub,Electronics,1.0,424.24,R. Naidoo
ORD10211,24/10/2025,KwaZulu-Natal,Backpack,Accessories,,,T. Nkosi
ORD11191,2025-11-24,Kwazulu-Natal,Notebook Set,Stationery,1.0,87.92,L. van der Merwe
ORD10157,2025/12/06,free state,Bluetooth Speaker,Electronics,3.0,587.63,L. van der Merwe
ORD10766,04-12-2025,EASTERN CAPE,LED Desk Lamp,Home,10.0,R 333.28,L. van der Merwe
ORD10650,06/08/2025,WESTERN CAPE,Bluetooth Speaker,Electronics,10.0,622.58,R. Naidoo
ORD11084,2025-03-14,GAUTENG,Wireless Mouse,Electronics,1.0,250.28,L. van der Merwe
ORD11160,2025-04-30,GAUTENG,LED Desk Lamp,Home,2.0,348.29,R. Naidoo
ORD10770,17-11-2025,W. Cape,Wireless Mouse,Electronics,3.0,257.73,R. Naidoo
ORD10236,2025/01/30,Guateng,Yoga Mat,Fitness,1.0,279.37,S. Dlamini
ORD10736,02/08/2025,Kwazulu-Natal,Notebook Set,Stationery,1.0,91.37,R. Naidoo
ORD10767,2025/02/26,eastern cape,Yoga Mat,Fitness,2.0,285.02,M. Botha
ORD10070,2025-06-22,eastern cape,Notebook Set,Stationery,10.0,90.62,R. Naidoo
ORD10275,2025/05/18,western cape,Water Bottle,Fitness,5.0,R 144.08,L. van der Merwe
ORD11118,2025-01-22,Free  State,USB-C Hub,Electronics,2.0,445.19,L. van der Merwe
ORD10724,13/09/2025,eastern cape,LED Desk Lamp,Home,2.0,R 336.27,R. Naidoo
ORD11106,08/06/2025,Western Cape,Notebook Set,Stationery,1.0,R 87.40,M. Botha
ORD10247,2025/04/05,FREE STATE,USB-C Hub,Electronics,5.0,R 425.06,L. van der Merwe
ORD10968,25/06/2025,E. Cape,Water Bottle,Fitness,1.0,144.96,L. van der Merwe
ORD10581,23-12-2025,Free State,Backpack,Accessories,,,T. Nkosi
ORD10663,30/09/2025,EASTERN CAPE,Yoga Mat,Fitness,2.0,278.34,R. Naidoo
ORD11164,2025/01/03,GAUTENG,Backpack,Accessories,1.0,911.92,S. Dlamini
ORD10907,2025/07/15,Gauteng,USB-C Hub,Electronics,1.0,R 431.54,T. Nkosi
ORD10991,11/06/2025,Kwazulu-Natal,Yoga Mat,Fitness,3.0,275.39,S. Dlamini
ORD10683,2025/12/01,,LED Desk Lamp,Home,,,M. Botha
ORD10675,12/09/2025,Gauteng,Wireless Mouse,Electronics,2.0,R 256.92,T. Nkosi
ORD10908,2025-08-08,eastern cape,Backpack,Accessories,1.0,894.81,S. Dlamini
ORD10704,24/04/2025,Guateng,Notebook Set,Stationery,2.0,87.72,M. Botha
ORD10202,2025/06/07,western cape,LED Desk Lamp,Home,10.0,366.83,T. Nkosi
ORD10869,06-06-2025,KZN,Bluetooth Speaker,Electronics,1.0,R 600.36,S. Dlamini
ORD10773,2025-05-17,Guateng,LED Desk Lamp,Home,5.0,351.88,R. Naidoo
ORD10055,20-05-2025,W. Cape,Yoga Mat,Fitness,10.0,R 267.21,S. Dlamini
ORD10253,2025/09/12,FREE STATE,Yoga Mat,Fitness,2.0,272.35,T. Nkosi
ORD10841,2025/04/09,Kwazulu-Natal,Backpack,Accessories,5.0,R 855.92,S. Dlamini
ORD10074,2025/06/30,E. Cape,LED Desk Lamp,Home,5.0,366.86,S. Dlamini
ORD10986,07/09/2025,western cape,USB-C Hub,Electronics,3.0,R 415.55,M. Botha
ORD10042,02-04-2025,E. Cape,Water Bottle,Fitness,1.0,143.27,T. Nkosi
ORD10658,09-03-2025,gauteng,Yoga Mat,Fitness,1.0,R 288.81,S. Dlamini
ORD11199,2025/04/11,kwazulu natal,LED Desk Lamp,Home,1.0,R 356.95,M. Botha
ORD10170,2025/11/15,W. Cape,Notebook Set,Stationery,1.0,85.92,T. Nkosi
ORD11001,2025-02-14,EASTERN CAPE,USB-C Hub,Electronics,2.0,R 417.14,T. Nkosi
ORD10934,2025/04/18,Guateng,Backpack,Accessories,1.0,R 931.86,L. van der Merwe
ORD11030,26-04-2025,GAUTENG,LED Desk Lamp,Home,3.0,R 359.22,T. Nkosi
ORD10450,07-02-2025,GAUTENG,Backpack,Accessories,10.0,925.06,M. Botha
ORD10793,11-05-2025,EASTERN CAPE,Standing Desk,Furniture,1.0,3434.19,T. Nkosi
ORD10928,23-09-2025,Free State,Notebook Set,Stationery,1.0,R 92.25,L. van der Merwe
ORD11090,2025-09-02,W. Cape,Office Chair,Furniture,1.0,1482.6,T. Nkosi
ORD10763,2025-06-05,gauteng,Yoga Mat,Fitness,5.0,281.92,T. Nkosi
ORD10538,2025-01-26,E. Cape,Backpack,Accessories,10.0,R 870.93,L. van der Merwe
ORD10930,2025-11-27,Kwazulu-Natal,LED Desk Lamp,Home,1.0,R 338.30,S. Dlamini
ORD10287,01/03/2025,Eastern Cape,Wireless Mouse,Electronics,2.0,247.89,S. Dlamini
ORD10559,2025-02-19,GAUTENG,Wireless Mouse,Electronics,1.0,261.1,L. van der Merwe
ORD10943,16/04/2025,Free  State,Office Chair,Furniture,10.0,1535.45,L. van der Merwe
ORD10806,2025/06/15,Free  State,LED Desk Lamp,Home,1.0,R 332.39,L. van der Merwe
ORD10642,2025/11/02,Kwazulu-Natal,Office Chair,Furniture,1.0,1513.73,S. Dlamini
ORD10978,2025/03/05,KwaZulu-Natal,Yoga Mat,Fitness,5.0,289.74,M. Botha
ORD10665,10-08-2025,Free State,LED Desk Lamp,Home,1.0,364.1,S. Dlamini
ORD11194,22-05-2025,KZN,Office Chair,Furniture,3.0,1482.66,L. van der Merwe
ORD10812,2025/11/22,Kwazulu-Natal,Office Chair,Furniture,1.0,1507.35,T. Nkosi
ORD10321,04-07-2025,,Bluetooth Speaker,Electronics,,,L. van der Merwe
ORD10390,31-08-2025,W. Cape,Wireless Mouse,Electronics,10.0,R 252.34,S. Dlamini
ORD10325,2025-11-21,gauteng,Notebook Set,Stationery,1.0,90.32,S. Dlamini
ORD11116,06-07-2025,eastern cape,Notebook Set,Stationery,1.0,94.23,R. Naidoo
ORD10090,2025-10-09,EASTERN CAPE,LED Desk Lamp,Home,2.0,355.18,R. Naidoo
ORD10824,05-08-2025,EASTERN CAPE,Yoga Mat,Fitness,,280.76,M. Botha
ORD10554,2025-02-26,eastern cape,Water Bottle,Fitness,2.0,146.36,M. Botha
ORD10363,09/02/2025,kwazulu natal,Backpack,Accessories,1.0,R 938.26,S. Dlamini
ORD11066,14-10-2025,WESTERN CAPE,Office Chair,Furniture,2.0,1557.7,S. Dlamini
ORD10083,28-12-2025,EASTERN CAPE,Wireless Mouse,Electronics,10.0,R 244.77,R. Naidoo
ORD10125,2025-08-04,FREE STATE,Standing Desk,Furniture,1.0,"R 3,191.53",T. Nkosi
ORD10616,2025/04/17,Gauteng,Standing Desk,Furniture,1.0,3287.42,R. Naidoo
ORD10508,18/05/2025,WESTERN CAPE,Water Bottle,Fitness,3.0,146.82,L. van der Merwe
ORD10608,18/11/2025,Gauteng,Yoga Mat,Fitness,2.0,R 289.66,T. Nkosi
ORD10846,2025-04-27,Free State,Office Chair,Furniture,1.0,"R 1,474.68",M. Botha
ORD10479,2025/09/07,eastern cape,Notebook Set,Stationery,5.0,88.67,M. Botha
ORD10566,21/03/2025,GAUTENG,LED Desk Lamp,Home,1.0,335.32,S. Dlamini
ORD10777,2025/09/29,Gauteng,Backpack,Accessories,3.0,878.63,R. Naidoo
ORD11014,2025-01-18,Free  State,LED Desk Lamp,Home,1.0,353.94,L. van der Merwe
ORD10364,2025-05-08,Western Cape,LED Desk Lamp,Home,3.0,R 347.63,S. Dlamini
ORD10013,15/05/2025,Kwazulu-Natal,Bluetooth Speaker,Electronics,1.0,596.23,M. Botha
ORD10306,2025/05/18,,Office Chair,Furniture,,,R. Naidoo
ORD10385,27/04/2025,KZN,Notebook Set,Stationery,10.0,93.21,S. Dlamini
ORD10872,07/11/2025,Kwazulu-Natal,Backpack,Accessories,3.0,924.29,L. van der Merwe
ORD10214,12-07-2025,free state,Office Chair,Furniture,3.0,1573.67,L. van der Merwe
ORD10631,26/05/2025,KZN,Water Bottle,Fitness,2.0,143.66,L. van der Merwe
ORD10077,11-10-2025,KwaZulu-Natal,Office Chair,Furniture,1.0,1465.17,L. van der Merwe
ORD10740,2025-07-02,Western Cape,LED Desk Lamp,Home,2.0,344.65,S. Dlamini
ORD10911,30-11-2025,Gauteng,Office Chair,Furniture,1.0,1470.77,S. Dlamini
ORD10995,2025-11-10,Kwazulu-Natal,Wireless Mouse,Electronics,2.0,252.66,S. Dlamini
ORD11105,2025-06-21,Gauteng,Notebook Set,Stationery,1.0,88.75,L. van der Merwe
ORD10418,04-07-2025,Gauteng,Yoga Mat,Fitness,1.0,289.44,R. Naidoo
ORD10832,2025/12/02,Free State,USB-C Hub,Electronics,1.0,R 424.49,R. Naidoo
ORD10652,2025-01-18,W. Cape,Yoga Mat,Fitness,5.0,290.9,M. Botha
ORD10873,2025/02/15,EASTERN CAPE,Water Bottle,Fitness,10.0,143.77,R. Naidoo
ORD10874,2025-05-23,E. Cape,Standing Desk,Furniture,1.0,3450.12,L. van der Merwe
ORD10398,2025/10/01,gauteng,USB-C Hub,Electronics,3.0,R 438.72,S. Dlamini
ORD10489,2025/01/23,Western Cape,Yoga Mat,Fitness,5.0,279.62,L. van der Merwe
ORD10018,2025-06-23,Kwazulu-Natal,USB-C Hub,Electronics,10.0,R 412.74,M. Botha
ORD10523,27-03-2025,FREE STATE,USB-C Hub,Electronics,10.0,R 434.65,R. Naidoo
ORD10127,2025-08-07,Eastern Cape,Notebook Set,Stationery,1.0,94.48,R. Naidoo
ORD10310,2025-01-25,free state,Water Bottle,Fitness,10.0,153.3,T. Nkosi
ORD10698,31/07/2025,kwazulu natal,Standing Desk,Furniture,1.0,"R 3,241.64",R. Naidoo
ORD11177,2025-10-23,GAUTENG,Standing Desk,Furniture,5.0,3188.22,L. van der Merwe
ORD10011,2025/02/02,gauteng,Wireless Mouse,Electronics,1.0,257.29,R. Naidoo
ORD10545,2025-04-22,kwazulu natal,Yoga Mat,Fitness,3.0,289.81,L. van der Merwe
ORD10999,2025/05/12,W. Cape,Wireless Mouse,Electronics,5.0,R 256.65,T. Nkosi
ORD10585,10-01-2025,FREE STATE,Standing Desk,Furniture,3.0,3295.68,S. Dlamini
ORD11139,11-07-2025,Western Cape,USB-C Hub,Electronics,5.0,R 408.95,S. Dlamini
ORD10831,06-11-2025,kwazulu natal,Notebook Set,Stationery,,,T. Nkosi
ORD10068,25-09-2025,E. Cape,Bluetooth Speaker,Electronics,10.0,611.42,M. Botha
ORD10903,17-11-2025,Guateng,Bluetooth Speaker,Electronics,5.0,617.45,S. Dlamini
ORD11174,17/07/2025,Eastern Cape,Bluetooth Speaker,Electronics,2.0,R 569.84,R. Naidoo
ORD10455,2025-06-14,EASTERN CAPE,Water Bottle,Fitness,,,T. Nkosi
ORD10891,05/01/2025,gauteng,LED Desk Lamp,Home,1.0,R 353.30,R. Naidoo
ORD10535,2025/11/27,Free  State,USB-C Hub,Electronics,5.0,418.27,R. Naidoo
ORD10482,2025/11/28,Guateng,LED Desk Lamp,Home,10.0,348.77,T. Nkosi
ORD11089,2025-12-31,Kwazulu-Natal,Bluetooth Speaker,Electronics,3.0,624.93,T. Nkosi
ORD10534,08-10-2025,Guateng,Notebook Set,Stationery,2.0,90.86,L. van der Merwe
ORD10868,2025/03/02,Eastern Cape,Yoga Mat,Fitness,1.0,291.39,T. Nkosi
ORD10036,20/12/2025,Free  State,Yoga Mat,Fitness,1.0,268.17,M. Botha
ORD10667,2025-01-05,FREE STATE,Standing Desk,Furniture,1.0,"R 3,237.40",T. Nkosi
ORD11049,03/07/2025,eastern cape,Yoga Mat,Fitness,1.0,274.92,T. Nkosi
ORD10676,2025-10-22,E. Cape,Wireless Mouse,Electronics,1.0,254.99,M. Botha
ORD10380,16-06-2025,KwaZulu-Natal,Notebook Set,Stationery,1.0,88.98,M. Botha
ORD10262,2025/07/27,KZN,Water Bottle,Fitness,2.0,R 153.39,M. Botha
ORD10290,25/08/2025,free state,Standing Desk,Furniture,1.0,3243.24,R. Naidoo
ORD10467,2025-05-26,KZN,Yoga Mat,Fitness,1.0,R 283.78,L. van der Merwe
ORD10254,24/04/2025,kwazulu natal,Yoga Mat,Fitness,3.0,R 273.78,T. Nkosi
ORD10905,2025-02-13,Free  State,Backpack,Accessories,1.0,910.27,T. Nkosi
ORD10465,2025-04-10,western cape,Water Bottle,Fitness,1.0,144.84,L. van der Merwe
ORD10049,11-12-2025,FREE STATE,Water Bottle,Fitness,,,L. van der Merwe
ORD10567,2025/10/20,free state,LED Desk Lamp,Home,2.0,340.98,M. Botha
ORD10228,05/04/2025,,Backpack,Accessories,,,R. Naidoo
ORD10239,2025/07/13,,Office Chair,Furniture,,,T. Nkosi
ORD10340,21-07-2025,W. Cape,Office Chair,Furniture,,1551.6,S. Dlamini
ORD10062,2025-01-10,E. Cape,LED Desk Lamp,Home,5.0,R 340.84,S. Dlamini
ORD10813,2025/03/25,Western Cape,Standing Desk,Furniture,2.0,3194.47,R. Naidoo
ORD10462,07-10-2025,free state,Office Chair,Furniture,1.0,1535.99,L. van der Merwe
ORD10910,16/08/2025,FREE STATE,Office Chair,Furniture,3.0,1487.16,L. van der Merwe
ORD10502,07/11/2025,FREE STATE,Notebook Set,Stationery,3.0,R 94.16,R. Naidoo
ORD10598,22/01/2025,Free State,Backpack,Accessories,1.0,894.65,M. Botha
ORD10721,24-03-2025,W. Cape,Wireless Mouse,Electronics,2.0,R 248.89,L. van der Merwe
ORD10078,2025-04-05,Gauteng,Yoga Mat,Fitness,2.0,278.15,S. Dlamini
ORD10829,02/04/2025,Free State,Notebook Set,Stationery,1.0,86.52,R. Naidoo
ORD11019,2025-11-30,EASTERN CAPE,Wireless Mouse,Electronics,1.0,250.46,L. van der Merwe
ORD10175,19-01-2025,western cape,Yoga Mat,Fitness,1.0,285.03,L. van der Merwe
ORD10193,24-03-2025,Free State,USB-C Hub,Electronics,1.0,429.78,L. van der Merwe
ORD10918,12-04-2025,eastern cape,Notebook Set,Stationery,3.0,R 85.89,L. van der Merwe
ORD10353,2025-05-24,Western Cape,Notebook Set,Stationery,3.0,R 90.86,R. Naidoo
ORD10248,02/08/2025,kwazulu natal,Standing Desk,Furniture,,3435.82,R. Naidoo
ORD10005,2025-05-29,free state,LED Desk Lamp,Home,1.0,R 333.63,L. van der Merwe
ORD10524,10-06-2025,Free  State,Backpack,Accessories,1.0,861.16,S. Dlamini
ORD10685,2025-06-07,gauteng,Backpack,Accessories,1.0,855.34,R. Naidoo
ORD10189,2025-09-10,,Water Bottle,Fitness,,,S. Dlamini
ORD10395,02-02-2025,GAUTENG,Bluetooth Speaker,Electronics,2.0,R 586.93,S. Dlamini
ORD10964,2025/10/27,Kwazulu-Natal,Office Chair,Furniture,1.0,1474.28,R. Naidoo
ORD11052,11/01/2025,Free  State,USB-C Hub,Electronics,1.0,R 412.26,L. van der Merwe
ORD11154,2025/05/24,Free  State,USB-C Hub,Electronics,,,T. Nkosi
ORD10034,2025/05/16,free state,Notebook Set,Stationery,3.0,87.32,S. Dlamini
ORD10209,21-07-2025,free state,Backpack,Accessories,3.0,937.78,M. Botha
ORD10636,25-12-2025,,Standing Desk,Furniture,,,S. Dlamini
ORD10525,2025/07/05,Free  State,Notebook Set,Stationery,2.0,93.48,R. Naidoo
ORD10307,2025/07/08,Gauteng,Yoga Mat,Fitness,5.0,R 279.44,R. Naidoo
ORD11173,05/05/2025,KZN,Bluetooth Speaker,Electronics,1.0,590.2,T. Nkosi
ORD11124,12/02/2025,Western Cape,Wireless Mouse,Electronics,5.0,244.24,T. Nkosi
ORD10194,10-10-2025,FREE STATE,LED Desk Lamp,Home,1.0,340.78,L. van der Merwe
ORD10273,2025-07-28,gauteng,Office Chair,Furniture,5.0,1491.33,T. Nkosi
ORD10337,2025-09-09,KwaZulu-Natal,USB-C Hub,Electronics,2.0,R 430.28,L. van der Merwe
ORD10180,01-06-2025,FREE STATE,Office Chair,Furniture,3.0,1439.43,R. Naidoo
ORD11032,25-05-2025,Free  State,Notebook Set,Stationery,1.0,90.25,M. Botha
ORD10136,23-06-2025,gauteng,Notebook Set,Stationery,2.0,91.81,T. Nkosi
ORD10289,2025-06-25,GAUTENG,LED Desk Lamp,Home,1.0,R 360.34,L. van der Merwe
ORD10331,2025/01/19,E. Cape,Wireless Mouse,Electronics,,R 260.50,L. van der Merwe
ORD10651,2025-11-06,EASTERN CAPE,Water Bottle,Fitness,5.0,R 146.84,M. Botha
ORD10402,19/03/2025,Free State,Standing Desk,Furniture,5.0,3308.84,L. van der Merwe
ORD10431,2025/04/25,WESTERN CAPE,Water Bottle,Fitness,3.0,R 146.96,S. Dlamini
ORD10881,2025-03-03,WESTERN CAPE,LED Desk Lamp,Home,3.0,341.04,L. van der Merwe
ORD10277,22-07-2025,eastern cape,Standing Desk,Furniture,10.0,3169.34,M. Botha
ORD10345,2025/02/18,Guateng,Office Chair,Furniture,10.0,1507.39,T. Nkosi
ORD10936,07-03-2025,EASTERN CAPE,Standing Desk,Furniture,1.0,3257.66,T. Nkosi
ORD10888,05-02-2025,FREE STATE,Backpack,Accessories,1.0,868.56,T. Nkosi
ORD11060,2025-04-04,KZN,LED Desk Lamp,Home,,,T. Nkosi
ORD10539,2025-04-30,KZN,Bluetooth Speaker,Electronics,1.0,611.89,L. van der Merwe
ORD10787,26-09-2025,Western Cape,Office Chair,Furniture,1.0,1502.29,R. Naidoo
ORD10678,2025-01-29,Eastern Cape,USB-C Hub,Electronics,3.0,421.85,S. Dlamini
ORD11011,16/03/2025,free state,Office Chair,Furniture,10.0,"R 1,528.37",L. van der Merwe
ORD11196,29/05/2025,eastern cape,Wireless Mouse,Electronics,10.0,254.51,S. Dlamini
ORD10304,29-05-2025,KZN,Backpack,Accessories,500.0,883.15,M. Botha
ORD10571,2025/01/26,kwazulu natal,Wireless Mouse,Electronics,3.0,R 250.05,R. Naidoo
ORD10953,24/03/2025,free state,Bluetooth Speaker,Electronics,10.0,577.45,T. Nkosi
ORD11036,15-09-2025,eastern cape,USB-C Hub,Electronics,10.0,449.86,S. Dlamini
ORD10983,15-07-2025,E. Cape,Office Chair,Furniture,2.0,1499.1,R. Naidoo
ORD11189,21-02-2025,kwazulu natal,Backpack,Accessories,1.0,921.92,S. Dlamini
ORD11120,2025-08-27,Eastern Cape,USB-C Hub,Electronics,3.0,427.54,T. Nkosi
ORD10889,16-09-2025,gauteng,USB-C Hub,Electronics,2.0,R 445.23,S. Dlamini
ORD10106,2025/04/29,Guateng,Office Chair,Furniture,2.0,1498.65,S. Dlamini
ORD11008,2025/06/22,E. Cape,Yoga Mat,Fitness,1.0,292.7,R. Naidoo
ORD10696,01/04/2025,Eastern Cape,Backpack,Accessories,1.0,920.61,T. Nkosi
ORD10961,23-05-2025,Guateng,LED Desk Lamp,Home,2.0,R 348.06,T. Nkosi
ORD10131,2025-08-31,E. Cape,LED Desk Lamp,Home,2.0,R 345.11,T. Nkosi
ORD10684,2025-12-01,free state,Office Chair,Furniture,1.0,"R 1,429.58",R. Naidoo
ORD10630,2025-09-21,W. Cape,Office Chair,Furniture,1.0,1426.34,L. van der Merwe
ORD10780,2025/11/11,WESTERN CAPE,Yoga Mat,Fitness,2.0,291.2,M. Botha
ORD11044,2025-09-21,eastern cape,Backpack,Accessories,2.0,937.58,R. Naidoo
ORD10542,2025/05/08,Kwazulu-Natal,Standing Desk,Furniture,1.0,3174.29,R. Naidoo
ORD10708,2025/12/27,Eastern Cape,Office Chair,Furniture,,,L. van der Merwe
ORD11075,2025-12-03,W. Cape,LED Desk Lamp,Home,1.0,R 340.97,R. Naidoo
ORD10732,26-09-2025,eastern cape,USB-C Hub,Electronics,1.0,413.71,T. Nkosi
ORD10955,12/12/2025,WESTERN CAPE,Notebook Set,Stationery,3.0,87.09,R. Naidoo
ORD10857,2025/04/16,GAUTENG,LED Desk Lamp,Home,1.0,356.5,S. Dlamini
ORD10294,13/11/2025,Free  State,USB-C Hub,Electronics,1.0,422.48,S. Dlamini
ORD10220,03/05/2025,FREE STATE,Notebook Set,Stationery,,,T. Nkosi
ORD10477,29-11-2025,EASTERN CAPE,LED Desk Lamp,Home,10.0,R 362.84,T. Nkosi
ORD10594,31/08/2025,WESTERN CAPE,Yoga Mat,Fitness,3.0,270.18,L. van der Merwe
ORD10181,2025/06/30,eastern cape,Backpack,Accessories,10.0,R 885.65,S. Dlamini
ORD11022,01/01/2025,KZN,Water Bottle,Fitness,1.0,147.85,S. Dlamini
ORD10472,30/10/2025,Gauteng,Bluetooth Speaker,Electronics,1.0,617.73,T. Nkosi
ORD11162,2025/09/10,E. Cape,USB-C Hub,Electronics,3.0,R 416.05,T. Nkosi
ORD10493,2025/04/15,E. Cape,Water Bottle,Fitness,2.0,156.33,M. Botha
ORD10053,2025/09/16,FREE STATE,Yoga Mat,Fitness,10.0,282.14,M. Botha
ORD10282,10/05/2025,Guateng,Notebook Set,Stationery,10.0,86.74,R. Naidoo
ORD10522,2025/09/07,free state,Backpack,Accessories,2.0,885.97,T. Nkosi
ORD10428,2025-08-18,eastern cape,USB-C Hub,Electronics,1.0,427.25,R. Naidoo
ORD10682,2025-08-19,GAUTENG,USB-C Hub,Electronics,10.0,430.46,T. Nkosi
ORD10381,2025-10-29,Guateng,Yoga Mat,Fitness,1.0,R 276.61,T. Nkosi
ORD10617,25-05-2025,KZN,Wireless Mouse,Electronics,500.0,R 237.77,T. Nkosi
ORD11171,2025/10/27,WESTERN CAPE,Office Chair,Furniture,1.0,1442.98,R. Naidoo
ORD10295,01/03/2025,Free State,Backpack,Accessories,1.0,R 882.21,S. Dlamini
ORD11092,22-11-2025,,LED Desk Lamp,Home,,,L. van der Merwe
ORD10611,2025-07-14,KwaZulu-Natal,Backpack,Accessories,1.0,923.14,R. Naidoo
ORD11010,28-01-2025,gauteng,USB-C Hub,Electronics,3.0,439.82,R. Naidoo
ORD11026,2025-08-22,KZN,Water Bottle,Fitness,5.0,R 151.23,S. Dlamini
ORD11157,19-09-2025,KwaZulu-Natal,LED Desk Lamp,Home,10.0,R 337.87,M. Botha
ORD10481,05/12/2025,western cape,Office Chair,Furniture,3.0,1514.29,R. Naidoo
ORD10324,20-03-2025,EASTERN CAPE,USB-C Hub,Electronics,1.0,435.03,T. Nkosi
ORD10278,30/11/2025,Kwazulu-Natal,USB-C Hub,Electronics,3.0,426.02,S. Dlamini
ORD10167,2025-04-25,FREE STATE,USB-C Hub,Electronics,2.0,R 424.12,S. Dlamini
ORD11128,16-03-2025,free state,Water Bottle,Fitness,1.0,152.32,S. Dlamini
ORD10184,09/02/2025,gauteng,Backpack,Accessories,10.0,939.35,M. Botha
ORD11007,2025-04-26,Eastern Cape,Notebook Set,Stationery,3.0,86.86,L. van der Merwe
ORD10503,2025-10-14,Free State,USB-C Hub,Electronics,2.0,415.06,M. Botha
ORD10588,09-06-2025,WESTERN CAPE,Backpack,Accessories,2.0,905.55,R. Naidoo
ORD10093,2025-03-04,kwazulu natal,Standing Desk,Furniture,2.0,3278.58,M. Botha
ORD11055,2025/05/07,W. Cape,Office Chair,Furniture,1.0,1553.59,L. van der Merwe
ORD10219,20/04/2025,GAUTENG,Notebook Set,Stationery,10.0,91.39,M. Botha
ORD11134,2025/08/12,E. Cape,Yoga Mat,Fitness,1.0,R 280.47,S. Dlamini
ORD10779,10/01/2025,E. Cape,USB-C Hub,Electronics,10.0,436.36,M. Botha
ORD10981,06/12/2025,Free  State,Notebook Set,Stationery,1.0,87.78,T. Nkosi
ORD11100,2025-11-25,Kwazulu-Natal,USB-C Hub,Electronics,1.0,R 419.85,M. Botha
ORD10976,21/03/2025,Eastern Cape,Backpack,Accessories,3.0,866.34,T. Nkosi
ORD10114,08/02/2025,E. Cape,Notebook Set,Stationery,3.0,92.73,L. van der Merwe
ORD10761,2025-08-21,EASTERN CAPE,LED Desk Lamp,Home,10.0,R 349.90,T. Nkosi
ORD11039,2025/03/11,Eastern Cape,Water Bottle,Fitness,5.0,151.64,R. Naidoo
ORD10054,23-11-2025,WESTERN CAPE,Yoga Mat,Fitness,10.0,R 272.28,M. Botha
ORD10741,18/02/2025,Free State,Notebook Set,Stationery,2.0,R 92.39,M. Botha
ORD11099,24-12-2025,western cape,USB-C Hub,Electronics,10.0,439.45,R. Naidoo
ORD10446,15/08/2025,GAUTENG,Wireless Mouse,Electronics,2.0,253.0,S. Dlamini
ORD10735,2025-01-14,FREE STATE,Notebook Set,Stationery,10.0,90.52,L. van der Merwe
ORD10111,04/12/2025,western cape,LED Desk Lamp,Home,2.0,355.71,T. Nkosi
ORD10213,2025/07/30,E. Cape,Wireless Mouse,Electronics,5.0,241.28,T. Nkosi
ORD10895,2025-07-05,FREE STATE,Bluetooth Speaker,Electronics,2.0,583.08,S. Dlamini
ORD10879,15/02/2025,Gauteng,Bluetooth Speaker,Electronics,1.0,R 586.14,S. Dlamini
ORD11151,23/09/2025,KwaZulu-Natal,Water Bottle,Fitness,2.0,150.58,L. van der Merwe
ORD10208,2025/08/31,Eastern Cape,Water Bottle,Fitness,1.0,142.13,L. van der Merwe
ORD10838,02-11-2025,,Wireless Mouse,Electronics,,,T. Nkosi
ORD10790,16/12/2025,E. Cape,Wireless Mouse,Electronics,1.0,245.4,S. Dlamini
ORD11140,2025/11/12,Free  State,Office Chair,Furniture,2.0,1507.36,T. Nkosi
ORD10474,03/05/2025,Free State,Yoga Mat,Fitness,5.0,R 275.20,M. Botha
ORD10203,26-01-2025,EASTERN CAPE,Bluetooth Speaker,Electronics,2.0,581.94,R. Naidoo
ORD10024,02/05/2025,Gauteng,Water Bottle,Fitness,1.0,155.99,R. Naidoo
ORD10007,24/11/2025,gauteng,Notebook Set,Stationery,2.0,86.96,S. Dlamini
ORD10794,2025/11/26,kwazulu natal,Standing Desk,Furniture,1.0,3436.2,T. Nkosi
ORD10475,2025/03/16,eastern cape,Office Chair,Furniture,1.0,1508.95,S. Dlamini
ORD10750,16-03-2025,free state,Standing Desk,Furniture,1.0,"R 3,355.28",M. Botha
ORD10975,2025/05/26,western cape,Water Bottle,Fitness,2.0,147.22,M. Botha
ORD11159,2025-06-10,Western Cape,LED Desk Lamp,Home,,,T. Nkosi
ORD10643,2025-11-22,Gauteng,Yoga Mat,Fitness,2.0,287.85,L. van der Merwe
ORD10117,2025-01-24,Guateng,Standing Desk,Furniture,2.0,"R 3,348.23",S. Dlamini
ORD10057,2025/08/04,E. Cape,USB-C Hub,Electronics,10.0,R 425.39,M. Botha
ORD10556,2025-05-12,Free  State,Wireless Mouse,Electronics,10.0,250.64,S. Dlamini
ORD10101,02/12/2025,Free  State,Bluetooth Speaker,Electronics,1.0,612.32,T. Nkosi
ORD10906,29-01-2025,KwaZulu-Natal,USB-C Hub,Electronics,1.0,410.21,M. Botha
ORD10625,2025/06/24,Eastern Cape,Bluetooth Speaker,Electronics,10.0,R 623.26,M. Botha
ORD10080,02/08/2025,FREE STATE,Office Chair,Furniture,1.0,"R 1,573.04",M. Botha
ORD10634,2025-10-01,KZN,LED Desk Lamp,Home,2.0,356.94,R. Naidoo
ORD10212,2025-01-17,eastern cape,Backpack,Accessories,5.0,867.34,L. van der Merwe
ORD10520,19-08-2025,gauteng,Office Chair,Furniture,2.0,1495.48,S. Dlamini
ORD10384,2025-07-10,kwazulu natal,USB-C Hub,Electronics,1.0,439.54,S. Dlamini
ORD10950,2025-09-17,FREE STATE,Bluetooth Speaker,Electronics,5.0,R 596.06,R. Naidoo
ORD10108,04/06/2025,FREE STATE,LED Desk Lamp,Home,5.0,356.15,R. Naidoo
ORD11135,2025-11-29,KwaZulu-Natal,USB-C Hub,Electronics,1.0,R 442.12,M. Botha
ORD10541,2025/02/06,KwaZulu-Natal,Wireless Mouse,Electronics,1.0,238.89,L. van der Merwe
ORD10359,07-02-2025,free state,Office Chair,Furniture,1.0,1550.94,R. Naidoo
ORD10176,2025/10/06,Western Cape,Wireless Mouse,Electronics,3.0,260.82,S. Dlamini
ORD10878,2025/06/12,Kwazulu-Natal,Wireless Mouse,Electronics,1.0,247.86,S. Dlamini
ORD10902,18-06-2025,WESTERN CAPE,Wireless Mouse,Electronics,1.0,R 260.41,T. Nkosi
ORD10423,2025/03/08,E. Cape,Backpack,Accessories,1.0,931.6,R. Naidoo
ORD10490,2025-04-30,E. Cape,Yoga Mat,Fitness,1.0,R 276.92,S. Dlamini
ORD10045,03-06-2025,GAUTENG,USB-C Hub,Electronics,3.0,R 436.01,R. Naidoo
ORD10159,2025/06/24,KwaZulu-Natal,Water Bottle,Fitness,,,L. van der Merwe
ORD10266,09/01/2025,GAUTENG,Wireless Mouse,Electronics,1.0,241.97,M. Botha
ORD10320,2025/05/03,western cape,Notebook Set,Stationery,5.0,R 88.15,R. Naidoo
ORD10592,09/03/2025,Kwazulu-Natal,USB-C Hub,Electronics,2.0,R 414.07,T. Nkosi
ORD11037,2025/06/06,free state,USB-C Hub,Electronics,2.0,R 434.82,S. Dlamini
ORD10081,2025-06-06,EASTERN CAPE,USB-C Hub,Electronics,,,M. Botha
ORD10391,20/10/2025,KwaZulu-Natal,Office Chair,Furniture,2.0,"R 1,428.16",L. van der Merwe
ORD10268,08-02-2025,GAUTENG,Office Chair,Furniture,1.0,"R 1,438.69",M. Botha
ORD10982,11/02/2025,Guateng,Bluetooth Speaker,Electronics,5.0,611.34,R. Naidoo
ORD10623,2025/02/14,GAUTENG,Backpack,Accessories,,,L. van der Merwe
ORD10267,19-07-2025,Eastern Cape,Office Chair,Furniture,2.0,"R 1,448.40",R. Naidoo
ORD10097,2025/10/28,KZN,USB-C Hub,Electronics,500.0,R 419.68,L. van der Merwe
ORD10765,2025/03/02,Free State,LED Desk Lamp,Home,1.0,366.65,R. Naidoo
ORD10791,2025-11-07,Kwazulu-Natal,Office Chair,Furniture,3.0,"R 1,547.17",T. Nkosi
ORD10249,2025-07-09,kwazulu natal,Standing Desk,Furniture,3.0,3347.4,M. Botha
ORD10530,2025/05/20,Kwazulu-Natal,LED Desk Lamp,Home,10.0,366.1,L. van der Merwe
ORD10672,18-07-2025,kwazulu natal,LED Desk Lamp,Home,1.0,R 341.72,T. Nkosi
ORD10973,2025/08/14,Eastern Cape,Notebook Set,Stationery,3.0,R 89.07,M. Botha
ORD10061,2025/04/19,WESTERN CAPE,USB-C Hub,Electronics,1.0,409.71,S. Dlamini
ORD11186,22/08/2025,W. Cape,Standing Desk,Furniture,1.0,3189.03,T. Nkosi
ORD10537,2025-05-29,,Water Bottle,Fitness,,,R. Naidoo
ORD10739,2025/06/13,Free State,Water Bottle,Fitness,2.0,R 143.98,L. van der Merwe
ORD10071,24-05-2025,WESTERN CAPE,LED Desk Lamp,Home,2.0,R 344.43,M. Botha
ORD11145,13-07-2025,W. Cape,Standing Desk,Furniture,2.0,"R 3,310.68",T. Nkosi
ORD10970,14/03/2025,Guateng,Wireless Mouse,Electronics,1.0,R 261.33,L. van der Merwe
ORD10628,24/11/2025,Gauteng,Yoga Mat,Fitness,2.0,265.68,S. Dlamini
ORD10169,2025/03/18,Free State,Yoga Mat,Fitness,1.0,R 265.58,T. Nkosi
ORD11152,21/12/2025,gauteng,LED Desk Lamp,Home,1.0,R 343.47,S. Dlamini
ORD11074,2025-06-16,FREE STATE,Bluetooth Speaker,Electronics,1.0,593.51,T. Nkosi
ORD10383,2025/11/08,Eastern Cape,Backpack,Accessories,1.0,R 878.81,T. Nkosi
ORD10348,2025/10/21,KwaZulu-Natal,Bluetooth Speaker,Electronics,1.0,R 625.49,R. Naidoo
ORD10783,06-05-2025,WESTERN CAPE,Backpack,Accessories,2.0,R 864.26,R. Naidoo
ORD10350,2025/10/09,Western Cape,Yoga Mat,Fitness,2.0,283.11,T. Nkosi
ORD10657,2025-05-30,Guateng,Notebook Set,Stationery,1.0,90.65,S. Dlamini
ORD11115,24-08-2025,FREE STATE,Notebook Set,Stationery,3.0,R 86.29,R. Naidoo
ORD10714,30-09-2025,Free State,Water Bottle,Fitness,10.0,152.13,R. Naidoo
ORD10394,2025/09/24,Kwazulu-Natal,USB-C Hub,Electronics,2.0,416.91,M. Botha
ORD10068,25-09-2025,E. Cape,Bluetooth Speaker,Electronics,10.0,611.42,M. Botha
ORD10952,2025/09/06,KwaZulu-Natal,Wireless Mouse,Electronics,1.0,245.67,T. Nkosi
ORD10276,09-02-2025,WESTERN CAPE,Bluetooth Speaker,Electronics,2.0,594.27,S. Dlamini
ORD10907,2025/07/15,Gauteng,USB-C Hub,Electronics,1.0,R 431.54,T. Nkosi
ORD10434,21/07/2025,GAUTENG,USB-C Hub,Electronics,2.0,415.6,R. Naidoo
ORD10378,27/03/2025,free state,Wireless Mouse,Electronics,1.0,261.22,L. van der Merwe
ORD10452,2025/11/13,KZN,Standing Desk,Furniture,3.0,3230.9,M. Botha
ORD10216,02-06-2025,western cape,Yoga Mat,Fitness,2.0,R 280.62,L. van der Merwe
ORD11017,31/10/2025,Guateng,Standing Desk,Furniture,,"R 3,362.91",R. Naidoo
ORD11187,09/02/2025,E. Cape,Yoga Mat,Fitness,1.0,R 270.00,T. Nkosi
ORD10387,2025/06/09,FREE STATE,Yoga Mat,Fitness,1.0,R 279.43,L. van der Merwe
ORD10644,16-04-2025,E. Cape,Office Chair,Furniture,5.0,1516.32,S. Dlamini
ORD10768,2025/01/29,Free  State,Water Bottle,Fitness,10.0,R 149.93,S. Dlamini
ORD10718,29-04-2025,Eastern Cape,USB-C Hub,Electronics,2.0,R 415.66,R. Naidoo
ORD11156,08/08/2025,FREE STATE,USB-C Hub,Electronics,3.0,434.27,M. Botha
ORD10416,2025/10/21,Western Cape,LED Desk Lamp,Home,1.0,355.5,L. van der Merwe
ORD10177,02-12-2025,W. Cape,Wireless Mouse,Electronics,3.0,R 259.04,S. Dlamini
ORD10994,2025-06-14,EASTERN CAPE,Backpack,Accessories,2.0,854.33,S. Dlamini
ORD10695,11-08-2025,Western Cape,Office Chair,Furniture,1.0,"R 1,520.71",S. Dlamini
ORD10458,22/10/2025,Gauteng,Bluetooth Speaker,Electronics,1.0,616.62,S. Dlamini
ORD11123,2025/08/09,KwaZulu-Natal,Standing Desk,Furniture,5.0,3154.64,L. van der Merwe
ORD10003,03-07-2025,western cape,Notebook Set,Stationery,3.0,86.41,M. Botha
ORD10263,2025-01-17,W. Cape,Standing Desk,Furniture,1.0,3349.72,R. Naidoo
ORD10432,04/12/2025,Free  State,Water Bottle,Fitness,3.0,R 152.22,T. Nkosi
ORD10840,2025-08-31,Free State,LED Desk Lamp,Home,2.0,363.23,R. Naidoo
ORD10504,22-10-2025,KwaZulu-Natal,Notebook Set,Stationery,2.0,93.37,R. Naidoo
ORD10646,2025-07-03,GAUTENG,Notebook Set,Stationery,1.0,85.5,S. Dlamini
ORD11049,03/07/2025,eastern cape,Yoga Mat,Fitness,1.0,274.92,T. Nkosi
ORD10495,21/02/2025,gauteng,Office Chair,Furniture,10.0,1541.44,M. Botha
ORD10061,2025/04/19,WESTERN CAPE,USB-C Hub,Electronics,1.0,409.71,S. Dlamini
ORD10261,04/05/2025,eastern cape,Water Bottle,Fitness,1.0,155.23,M. Botha
ORD10397,2025/05/13,kwazulu natal,USB-C Hub,Electronics,1.0,435.67,R. Naidoo
ORD10860,17-09-2025,Eastern Cape,Notebook Set,Stationery,1.0,R 93.06,T. Nkosi
ORD11018,03/10/2025,E. Cape,Yoga Mat,Fitness,1.0,R 267.82,R. Naidoo
ORD10226,2025-04-09,Free  State,Water Bottle,Fitness,1.0,154.23,S. Dlamini
ORD10444,15/10/2025,Kwazulu-Natal,Wireless Mouse,Electronics,1.0,252.89,M. Botha
ORD10536,10-11-2025,KwaZulu-Natal,Standing Desk,Furniture,5.0,3340.34,S. Dlamini
ORD10484,10-01-2025,kwazulu natal,Office Chair,Furniture,,,T. Nkosi
ORD10814,2025/09/06,Eastern Cape,Bluetooth Speaker,Electronics,10.0,590.41,R. Naidoo
ORD10433,2025/03/26,KZN,LED Desk Lamp,Home,3.0,R 356.56,L. van der Merwe
ORD10804,25/05/2025,eastern cape,Yoga Mat,Fitness,5.0,288.94,R. Naidoo
ORD10200,19/08/2025,Free State,LED Desk Lamp,Home,3.0,R 340.47,L. van der Merwe
ORD10923,18-03-2025,Western Cape,USB-C Hub,Electronics,2.0,R 444.21,L. van der Merwe
ORD10527,2025-10-08,Eastern Cape,Office Chair,Furniture,1.0,1433.61,T. Nkosi
ORD10257,2025-11-25,western cape,LED Desk Lamp,Home,10.0,338.46,M. Botha
ORD11081,2025-11-04,western cape,Wireless Mouse,Electronics,1.0,244.18,T. Nkosi
ORD10014,2025-09-29,kwazulu natal,Bluetooth Speaker,Electronics,1.0,R 591.45,M. Botha
ORD10229,17-05-2025,Western Cape,LED Desk Lamp,Home,2.0,345.43,S. Dlamini
ORD10738,2025-12-22,Free  State,Yoga Mat,Fitness,2.0,282.57,S. Dlamini
ORD10476,22/01/2025,WESTERN CAPE,Wireless Mouse,Electronics,2.0,239.06,M. Botha
ORD11133,2025-06-21,E. Cape,USB-C Hub,Electronics,3.0,443.08,L. van der Merwe
ORD10126,2025-11-11,E. Cape,Yoga Mat,Fitness,1.0,R 277.66,M. Botha
ORD10144,02-08-2025,GAUTENG,Yoga Mat,Fitness,5.0,281.05,T. Nkosi
ORD10563,15/06/2025,FREE STATE,LED Desk Lamp,Home,3.0,346.44,M. Botha
ORD10699,2025/04/21,Guateng,Standing Desk,Furniture,10.0,3151.98,L. van der Merwe
ORD10099,2025/06/12,WESTERN CAPE,Standing Desk,Furniture,2.0,3416.45,R. Naidoo
ORD10459,2025-12-11,EASTERN CAPE,USB-C Hub,Electronics,5.0,R 426.13,M. Botha
ORD10507,11-12-2025,KwaZulu-Natal,USB-C Hub,Electronics,2.0,R 418.20,T. Nkosi
ORD10457,24-08-2025,Free  State,Standing Desk,Furniture,1.0,"R 3,380.45",T. Nkosi
ORD11180,2025-02-20,EASTERN CAPE,Office Chair,Furniture,3.0,"R 1,432.02",R. Naidoo
ORD10281,29/12/2025,free state,Standing Desk,Furniture,1.0,3448.45,R. Naidoo
ORD10948,22-03-2025,Western Cape,USB-C Hub,Electronics,5.0,R 437.52,M. Botha
ORD10471,03/10/2025,Western Cape,Bluetooth Speaker,Electronics,2.0,R 620.49,S. Dlamini
ORD10316,2025-02-05,WESTERN CAPE,Notebook Set,Stationery,1.0,91.26,M. Botha
ORD10032,2025-11-10,kwazulu natal,LED Desk Lamp,Home,10.0,361.16,M. Botha
ORD10271,21/11/2025,Western Cape,Notebook Set,Stationery,1.0,87.9,R. Naidoo
ORD11071,2025-05-18,FREE STATE,Yoga Mat,Fitness,2.0,R 288.83,L. van der Merwe
ORD10407,15-09-2025,western cape,Wireless Mouse,Electronics,3.0,R 245.29,L. van der Merwe
ORD10123,2025-11-02,western cape,Water Bottle,Fitness,2.0,R 146.45,S. Dlamini
ORD10654,2025-12-09,Gauteng,Water Bottle,Fitness,2.0,148.59,M. Botha
ORD10656,02-11-2025,E. Cape,LED Desk Lamp,Home,2.0,R 342.13,M. Botha
ORD10892,2025-02-09,EASTERN CAPE,Water Bottle,Fitness,1.0,153.28,R. Naidoo
ORD10470,2025/06/06,W. Cape,LED Desk Lamp,Home,10.0,348.2,M. Botha
ORD10158,2025-03-07,GAUTENG,Backpack,Accessories,5.0,911.9,R. Naidoo
ORD10629,2025-12-10,W. Cape,Standing Desk,Furniture,2.0,3309.65,S. Dlamini
ORD10758,2025-02-13,Eastern Cape,Wireless Mouse,Electronics,5.0,248.44,L. van der Merwe
ORD10317,2025/07/30,E. Cape,Office Chair,Furniture,2.0,"R 1,518.20",L. van der Merwe
ORD10600,2025-11-10,E. Cape,Yoga Mat,Fitness,2.0,277.92,M. Botha
ORD10168,30/08/2025,kwazulu natal,Bluetooth Speaker,Electronics,1.0,571.34,R. Naidoo
ORD10929,29-07-2025,Guateng,Backpack,Accessories,3.0,892.36,R. Naidoo
ORD10925,31-12-2025,E. Cape,Water Bottle,Fitness,10.0,R 149.28,M. Botha
ORD10382,2025/12/02,GAUTENG,Backpack,Accessories,3.0,R 932.97,M. Botha
ORD10274,2025/07/31,KwaZulu-Natal,Bluetooth Speaker,Electronics,3.0,R 620.79,T. Nkosi
ORD10006,09-07-2025,E. Cape,Bluetooth Speaker,Electronics,10.0,607.13,L. van der Merwe
ORD10004,10-10-2025,Guateng,Notebook Set,Stationery,1.0,94.25,M. Botha
ORD11142,18-11-2025,gauteng,Standing Desk,Furniture,1.0,3342.36,M. Botha
ORD10417,22-08-2025,Free State,Bluetooth Speaker,Electronics,1.0,623.25,S. Dlamini
ORD11170,2025/11/10,Gauteng,Wireless Mouse,Electronics,2.0,239.37,S. Dlamini
ORD10210,2025-06-19,Free  State,LED Desk Lamp,Home,2.0,R 348.62,R. Naidoo
ORD10122,17/10/2025,Gauteng,Backpack,Accessories,3.0,R 875.95,T. Nkosi
ORD10723,12-06-2025,kwazulu natal,Notebook Set,Stationery,2.0,R 90.55,L. van der Merwe
ORD10001,14/01/2025,Gauteng,USB-C Hub,Electronics,1.0,416.93,M. Botha
ORD10497,2025-11-08,Eastern Cape,Backpack,Accessories,1.0,877.7,R. Naidoo
ORD10886,14-11-2025,EASTERN CAPE,Water Bottle,Fitness,1.0,141.56,L. van der Merwe
ORD11183,2025/12/25,Western Cape,Notebook Set,Stationery,1.0,87.97,R. Naidoo
ORD10064,08/07/2025,Eastern Cape,Office Chair,Furniture,2.0,"R 1,493.76",M. Botha
ORD10461,2025-07-22,Free State,Notebook Set,Stationery,2.0,92.38,R. Naidoo
ORD10311,08/08/2025,Gauteng,Yoga Mat,Fitness,1.0,R 277.36,L. van der Merwe
ORD10234,14/04/2025,Gauteng,LED Desk Lamp,Home,1.0,360.99,L. van der Merwe
ORD10100,2025-06-19,WESTERN CAPE,USB-C Hub,Electronics,1.0,412.97,R. Naidoo
ORD11109,19-02-2025,Kwazulu-Natal,Standing Desk,Furniture,3.0,3455.32,R. Naidoo
ORD11192,2025/12/23,western cape,USB-C Hub,Electronics,3.0,R 428.91,S. Dlamini
ORD10318,08-08-2025,gauteng,Bluetooth Speaker,Electronics,1.0,604.37,L. van der Merwe
ORD10853,2025/07/29,Free  State,Office Chair,Furniture,2.0,1444.74,M. Botha
ORD10338,25-12-2025,Gauteng,Notebook Set,Stationery,2.0,93.57,R. Naidoo
ORD10403,2025/02/11,EASTERN CAPE,LED Desk Lamp,Home,1.0,343.08,S. Dlamini
ORD10389,2025/09/16,GAUTENG,Yoga Mat,Fitness,2.0,272.69,T. Nkosi
ORD10103,28/05/2025,Free State,Yoga Mat,Fitness,1.0,271.6,T. Nkosi
ORD10196,16/05/2025,Gauteng,Wireless Mouse,Electronics,1.0,261.2,M. Botha
ORD10826,02-09-2025,Free State,Yoga Mat,Fitness,2.0,R 278.11,L. van der Merwe
ORD10590,22-03-2025,WESTERN CAPE,Water Bottle,Fitness,1.0,151.33,T. Nkosi
ORD10334,05/06/2025,Guateng,LED Desk Lamp,Home,1.0,R 344.92,R. Naidoo
ORD10900,2025-07-05,E. Cape,USB-C Hub,Electronics,1.0,436.73,L. van der Merwe
ORD10997,2025/03/01,GAUTENG,Yoga Mat,Fitness,10.0,269.74,M. Botha
ORD10550,2025/05/31,W. Cape,LED Desk Lamp,Home,1.0,348.99,L. van der Merwe
ORD10743,2025-03-25,W. Cape,Wireless Mouse,Electronics,3.0,256.96,L. van der Merwe
ORD10621,2025-07-01,Free State,LED Desk Lamp,Home,2.0,352.21,L. van der Merwe
ORD10134,2025/12/03,KZN,Backpack,Accessories,1.0,R 906.00,L. van der Merwe
ORD10798,29/11/2025,Free State,LED Desk Lamp,Home,1.0,337.54,M. Botha
ORD10341,2025-10-27,kwazulu natal,Yoga Mat,Fitness,1.0,R 291.38,L. van der Merwe
ORD11006,02/09/2025,,LED Desk Lamp,Home,,,R. Naidoo
ORD10492,07-08-2025,eastern cape,Wireless Mouse,Electronics,3.0,R 247.71,S. Dlamini
ORD10700,19/05/2025,kwazulu natal,USB-C Hub,Electronics,10.0,438.43,S. Dlamini
ORD10192,10/10/2025,EASTERN CAPE,Bluetooth Speaker,Electronics,3.0,576.74,L. van der Merwe
ORD10142,09/08/2025,KZN,Office Chair,Furniture,3.0,1442.04,L. van der Merwe
ORD10410,2025-07-07,western cape,Standing Desk,Furniture,1.0,"R 3,328.59",R. Naidoo
ORD10298,2025/09/16,eastern cape,Wireless Mouse,Electronics,2.0,257.87,R. Naidoo
ORD10942,20/07/2025,KwaZulu-Natal,Wireless Mouse,Electronics,1.0,245.66,T. Nkosi
ORD10301,2025/04/22,KZN,Bluetooth Speaker,Electronics,1.0,614.57,T. Nkosi
ORD10668,09/05/2025,Gauteng,USB-C Hub,Electronics,10.0,422.63,T. Nkosi
ORD10464,26/06/2025,GAUTENG,Water Bottle,Fitness,2.0,152.7,R. Naidoo
ORD10599,26/01/2025,Eastern Cape,Water Bottle,Fitness,5.0,149.24,S. Dlamini
ORD10551,03/11/2025,W. Cape,Backpack,Accessories,3.0,R 919.89,T. Nkosi
ORD10128,21-05-2025,Gauteng,Yoga Mat,Fitness,3.0,R 282.02,R. Naidoo
ORD10160,2025-09-17,western cape,Standing Desk,Furniture,1.0,3231.63,S. Dlamini
ORD10356,10-09-2025,kwazulu natal,Wireless Mouse,Electronics,2.0,258.41,L. van der Merwe
ORD10635,2025/11/26,Western Cape,Backpack,Accessories,10.0,862.79,R. Naidoo
ORD10867,2025-09-28,EASTERN CAPE,Office Chair,Furniture,1.0,1569.16,L. van der Merwe
ORD11188,2025-02-26,Kwazulu-Natal,Backpack,Accessories,1.0,R 897.95,T. Nkosi
ORD10041,05-02-2025,Western Cape,Standing Desk,Furniture,2.0,"R 3,265.50",S. Dlamini
ORD10612,21-05-2025,GAUTENG,Water Bottle,Fitness,10.0,143.55,M. Botha
ORD10848,2025-08-23,Free State,Water Bottle,Fitness,1.0,155.36,T. Nkosi
ORD10614,16-11-2025,Kwazulu-Natal,Backpack,Accessories,3.0,877.39,L. van der Merwe
ORD10105,30/07/2025,KZN,Wireless Mouse,Electronics,3.0,R 248.26,L. van der Merwe
ORD10132,2025-03-08,Guateng,Bluetooth Speaker,Electronics,1.0,613.65,M. Botha
ORD11088,04-06-2025,free state,LED Desk Lamp,Home,5.0,337.28,S. Dlamini
ORD10073,05-05-2025,Eastern Cape,Yoga Mat,Fitness,1.0,273.26,M. Botha
ORD10235,2025-09-08,Free  State,LED Desk Lamp,Home,1.0,355.8,M. Botha
ORD10875,2025-11-13,FREE STATE,Wireless Mouse,Electronics,1.0,R 253.59,M. Botha
ORD10085,19-10-2025,Gauteng,Office Chair,Furniture,1.0,1542.87,R. Naidoo
ORD10365,2025/03/27,Gauteng,Notebook Set,Stationery,1.0,88.96,R. Naidoo
ORD11132,2025/03/05,KZN,Wireless Mouse,Electronics,1.0,245.04,R. Naidoo
ORD10937,26-07-2025,KZN,Yoga Mat,Fitness,2.0,276.74,S. Dlamini
ORD10371,09/09/2025,Western Cape,Notebook Set,Stationery,1.0,89.03,T. Nkosi
ORD10897,17/10/2025,Free  State,Backpack,Accessories,1.0,903.66,T. Nkosi
ORD10016,30/09/2025,Free State,Standing Desk,Furniture,1.0,3375.51,L. van der Merwe
ORD10029,03-05-2025,E. Cape,Bluetooth Speaker,Electronics,2.0,581.29,R. Naidoo
ORD10046,14/07/2025,E. Cape,LED Desk Lamp,Home,1.0,338.73,M. Botha
ORD10861,23/06/2025,Guateng,Wireless Mouse,Electronics,2.0,R 251.80,M. Botha
ORD10572,17/03/2025,Free State,Backpack,Accessories,2.0,892.88,S. Dlamini
ORD10344,26-01-2025,Western Cape,LED Desk Lamp,Home,2.0,365.87,S. Dlamini
ORD10129,2025-12-26,FREE STATE,Backpack,Accessories,10.0,899.5,M. Botha
ORD10269,2025/08/19,Free  State,Backpack,Accessories,3.0,R 856.71,L. van der Merwe
ORD11087,2025/04/02,GAUTENG,LED Desk Lamp,Home,1.0,363.33,M. Botha
ORD10440,30/12/2025,FREE STATE,Standing Desk,Furniture,3.0,"R 3,437.95",M. Botha
ORD11108,2025/05/25,KwaZulu-Natal,Wireless Mouse,Electronics,2.0,237.7,M. Botha
ORD10094,2025/02/28,W. Cape,Standing Desk,Furniture,1.0,"R 3,316.24",T. Nkosi
ORD10468,27/10/2025,EASTERN CAPE,LED Desk Lamp,Home,3.0,353.57,M. Botha
ORD10967,23-05-2025,gauteng,Standing Desk,Furniture,10.0,3377.93,T. Nkosi
ORD10252,14-06-2025,eastern cape,Bluetooth Speaker,Electronics,2.0,R 592.81,R. Naidoo
ORD10805,2025/11/13,eastern cape,Office Chair,Furniture,1.0,"R 1,467.55",L. van der Merwe
ORD10627,2025-12-18,EASTERN CAPE,Wireless Mouse,Electronics,1.0,237.59,S. Dlamini
ORD10513,2025-08-23,GAUTENG,Water Bottle,Fitness,5.0,154.37,M. Botha
ORD10491,2025-01-04,Free  State,Backpack,Accessories,2.0,871.04,M. Botha
ORD10195,29-03-2025,Free State,Notebook Set,Stationery,1.0,90.82,M. Botha
ORD11041,26/09/2025,Western Cape,LED Desk Lamp,Home,10.0,365.74,L. van der Merwe
ORD10573,11/08/2025,Eastern Cape,Bluetooth Speaker,Electronics,5.0,584.78,L. van der Merwe
ORD10332,2025-07-10,WESTERN CAPE,LED Desk Lamp,Home,3.0,R 341.51,M. Botha
ORD10242,2025-02-27,E. Cape,Standing Desk,Furniture,1.0,3224.99,R. Naidoo
ORD10079,2025-12-18,Gauteng,Yoga Mat,Fitness,5.0,278.77,L. van der Merwe
ORD10547,2025/03/22,Free  State,Wireless Mouse,Electronics,,R 246.78,T. Nkosi
ORD10949,04-03-2025,gauteng,Notebook Set,Stationery,10.0,89.19,T. Nkosi
ORD10043,2025-11-07,Free  State,Bluetooth Speaker,Electronics,3.0,612.69,R. Naidoo
ORD10597,14-07-2025,WESTERN CAPE,Yoga Mat,Fitness,5.0,286.71,R. Naidoo
ORD10801,26/12/2025,free state,Wireless Mouse,Electronics,1.0,R 261.84,T. Nkosi
ORD10020,2025/03/09,gauteng,LED Desk Lamp,Home,2.0,R 355.41,L. van der Merwe
ORD10205,11-10-2025,Guateng,LED Desk Lamp,Home,1.0,R 351.96,T. Nkosi
ORD11095,28-06-2025,Free  State,LED Desk Lamp,Home,1.0,R 364.21,L. van der Merwe
ORD10206,2025-11-09,Free  State,USB-C Hub,Electronics,2.0,442.96,L. van der Merwe
ORD10792,2025-12-17,Kwazulu-Natal,Standing Desk,Furniture,2.0,3344.84,M. Botha
ORD10921,2025/09/27,eastern cape,Notebook Set,Stationery,3.0,92.78,T. Nkosi
ORD10091,2025-09-21,KZN,Bluetooth Speaker,Electronics,3.0,575.99,M. Botha
ORD10292,2025-02-02,Eastern Cape,USB-C Hub,Electronics,2.0,416.38,M. Botha
ORD10605,07-06-2025,western cape,Office Chair,Furniture,1.0,"R 1,539.35",R. Naidoo
ORD10150,2025-05-21,Eastern Cape,Office Chair,Furniture,10.0,1490.34,S. Dlamini
ORD10916,04-09-2025,gauteng,Standing Desk,Furniture,,,R. Naidoo
ORD10664,2025/05/28,,USB-C Hub,Electronics,,,R. Naidoo
ORD11091,2025/04/04,E. Cape,Backpack,Accessories,1.0,862.18,S. Dlamini
ORD10082,2025-03-30,western cape,Bluetooth Speaker,Electronics,2.0,R 608.61,L. van der Merwe
ORD11167,04-03-2025,E. Cape,Wireless Mouse,Electronics,10.0,249.82,M. Botha
ORD10087,2025-04-28,Guateng,Backpack,Accessories,3.0,R 908.32,S. Dlamini
ORD11107,2025/01/23,gauteng,Standing Desk,Furniture,2.0,3162.1,T. Nkosi
ORD10141,15-04-2025,gauteng,Notebook Set,Stationery,5.0,R 94.35,L. van der Merwe
ORD11003,13-06-2025,KwaZulu-Natal,Wireless Mouse,Electronics,2.0,258.67,L. van der Merwe
ORD10256,2025/09/09,KZN,Water Bottle,Fitness,10.0,155.95,L. van der Merwe
ORD10960,2025-03-30,Eastern Cape,USB-C Hub,Electronics,2.0,416.72,R. Naidoo
ORD10917,2025-01-16,eastern cape,Standing Desk,Furniture,1.0,"R 3,253.74",L. van der Merwe
ORD10339,2025-10-31,Free State,Bluetooth Speaker,Electronics,1.0,607.22,R. Naidoo
ORD11067,2025-09-15,Guateng,Yoga Mat,Fitness,1.0,278.52,L. van der Merwe
ORD11181,2025/09/29,W. Cape,USB-C Hub,Electronics,2.0,424.83,M. Botha
ORD10922,11-07-2025,western cape,Bluetooth Speaker,Electronics,2.0,580.53,M. Botha
ORD10351,27/09/2025,Kwazulu-Natal,Bluetooth Speaker,Electronics,1.0,594.16,M. Botha
ORD10039,09/12/2025,gauteng,USB-C Hub,Electronics,3.0,441.11,S. Dlamini
ORD10733,01/08/2025,Eastern Cape,Backpack,Accessories,1.0,890.86,M. Botha
ORD10931,06-02-2025,KwaZulu-Natal,Bluetooth Speaker,Electronics,2.0,R 624.55,T. Nkosi
ORD11158,2025/06/15,KZN,USB-C Hub,Electronics,5.0,R 408.83,L. van der Merwe
ORD10731,15-08-2025,gauteng,Water Bottle,Fitness,10.0,152.6,L. van der Merwe
ORD10084,28/11/2025,W. Cape,Bluetooth Speaker,Electronics,2.0,594.52,S. Dlamini
ORD10816,2025-08-02,free state,Notebook Set,Stationery,1.0,90.22,L. van der Merwe
ORD10817,2025/03/04,,Yoga Mat,Fitness,,,S. Dlamini
ORD10230,2025-02-01,Free State,Backpack,Accessories,2.0,912.82,R. Naidoo
ORD10546,22/07/2025,KwaZulu-Natal,USB-C Hub,Electronics,1.0,441.63,T. Nkosi
ORD10756,2025/12/18,Guateng,Yoga Mat,Fitness,2.0,277.8,L. van der Merwe
ORD10712,25/10/2025,W. Cape,Standing Desk,Furniture,2.0,3312.08,L. van der Merwe
ORD10702,10/11/2025,W. Cape,LED Desk Lamp,Home,1.0,359.62,M. Botha
ORD11114,01/06/2025,KwaZulu-Natal,Office Chair,Furniture,10.0,1438.16,T. Nkosi
ORD10716,12/09/2025,Gauteng,Notebook Set,Stationery,1.0,87.97,L. van der Merwe
ORD11195,27-06-2025,FREE STATE,Wireless Mouse,Electronics,1.0,248.33,T. Nkosi
ORD10762,2025-02-20,EASTERN CAPE,Notebook Set,Stationery,2.0,R 91.15,T. Nkosi
ORD11168,2025/06/15,gauteng,Bluetooth Speaker,Electronics,1.0,R 618.49,L. van der Merwe
ORD11047,21-03-2025,free state,Water Bottle,Fitness,5.0,143.4,L. van der Merwe
ORD10314,2025/03/03,,Bluetooth Speaker,Electronics,,,L. van der Merwe
ORD10392,2025-12-16,W. Cape,Standing Desk,Furniture,5.0,3303.38,R. Naidoo
ORD10674,15-08-2025,gauteng,Yoga Mat,Fitness,5.0,271.14,T. Nkosi
ORD11096,29/01/2025,eastern cape,Notebook Set,Stationery,5.0,87.67,T. Nkosi
ORD10884,06-03-2025,Free State,Water Bottle,Fitness,2.0,152.92,M. Botha
ORD10904,20/06/2025,Guateng,Standing Desk,Furniture,2.0,3450.36,T. Nkosi
ORD10939,2025/10/19,Eastern Cape,Standing Desk,Furniture,5.0,"R 3,196.18",S. Dlamini
ORD10710,29-01-2025,kwazulu natal,USB-C Hub,Electronics,1.0,434.17,T. Nkosi
ORD10451,17-02-2025,Western Cape,Standing Desk,Furniture,1.0,3271.27,L. van der Merwe
ORD10619,27/11/2025,KZN,Standing Desk,Furniture,10.0,3436.29,R. Naidoo
ORD10633,2025/10/31,Gauteng,USB-C Hub,Electronics,5.0,424.36,M. Botha
ORD10662,2025-03-01,W. Cape,Office Chair,Furniture,1.0,1520.32,L. van der Merwe
ORD10555,06/09/2025,gauteng,Bluetooth Speaker,Electronics,1.0,R 621.37,T. Nkosi
ORD10483,21/10/2025,gauteng,Standing Desk,Furniture,1.0,3178.5,T. Nkosi
ORD10810,2025/03/07,Kwazulu-Natal,Bluetooth Speaker,Electronics,1.0,584.65,S. Dlamini
ORD10172,2025-09-27,eastern cape,Backpack,Accessories,1.0,901.11,R. Naidoo
ORD10197,25-11-2025,Free State,USB-C Hub,Electronics,10.0,445.69,R. Naidoo
ORD11129,2025/12/12,WESTERN CAPE,Wireless Mouse,Electronics,1.0,249.98,S. Dlamini
ORD10851,04/01/2025,gauteng,Office Chair,Furniture,10.0,1569.4,R. Naidoo
ORD10717,2025/03/09,GAUTENG,Water Bottle,Fitness,5.0,156.0,S. Dlamini
ORD11015,2025-12-21,E. Cape,USB-C Hub,Electronics,1.0,435.55,R. Naidoo
ORD11103,2025-10-14,Eastern Cape,Standing Desk,Furniture,2.0,3263.47,R. Naidoo
ORD10449,21/01/2025,KwaZulu-Natal,Backpack,Accessories,3.0,895.97,S. Dlamini
ORD10361,13-07-2025,FREE STATE,Office Chair,Furniture,2.0,1523.81,S. Dlamini
ORD10784,23-03-2025,Free  State,Yoga Mat,Fitness,5.0,R 283.10,L. van der Merwe
ORD10201,23-03-2025,GAUTENG,Bluetooth Speaker,Electronics,5.0,620.81,M. Botha
ORD10140,2025/12/14,Western Cape,Notebook Set,Stationery,3.0,R 89.36,M. Botha
ORD11126,26/03/2025,Gauteng,Office Chair,Furniture,5.0,1475.32,S. Dlamini
ORD10312,10/07/2025,W. Cape,Notebook Set,Stationery,1.0,R 91.38,T. Nkosi
ORD10914,2025/12/08,western cape,LED Desk Lamp,Home,2.0,359.47,R. Naidoo
ORD10048,2025-03-28,eastern cape,Yoga Mat,Fitness,10.0,287.2,S. Dlamini
ORD10368,17-02-2025,eastern cape,Office Chair,Furniture,1.0,1506.05,M. Botha
ORD11137,05-03-2025,WESTERN CAPE,Standing Desk,Furniture,5.0,3171.82,R. Naidoo
ORD10096,2025-03-11,WESTERN CAPE,Water Bottle,Fitness,2.0,155.29,S. Dlamini
ORD10769,2025-02-01,Free  State,Yoga Mat,Fitness,3.0,R 286.43,M. Botha
ORD10945,24/07/2025,kwazulu natal,Yoga Mat,Fitness,1.0,292.7,M. Botha
ORD10367,2025-02-23,Gauteng,Yoga Mat,Fitness,2.0,R 265.61,S. Dlamini
ORD10241,2025/09/30,GAUTENG,Wireless Mouse,Electronics,10.0,254.33,L. van der Merwe
ORD10028,2025-10-24,WESTERN CAPE,Bluetooth Speaker,Electronics,1.0,625.45,M. Botha
ORD10232,07-11-2025,western cape,Standing Desk,Furniture,10.0,3184.59,R. Naidoo
ORD10442,2025-12-10,Eastern Cape,Notebook Set,Stationery,1.0,R 85.72,L. van der Merwe
ORD10778,06-12-2025,KwaZulu-Natal,Standing Desk,Furniture,2.0,"R 3,300.53",L. van der Merwe
ORD11147,2025-02-17,Gauteng,Backpack,Accessories,1.0,879.44,R. Naidoo
ORD10609,08-12-2025,Western Cape,Office Chair,Furniture,3.0,1429.55,S. Dlamini
ORD10060,2025-07-21,WESTERN CAPE,USB-C Hub,Electronics,1.0,449.62,T. Nkosi
ORD10705,2025-09-16,Eastern Cape,Wireless Mouse,Electronics,1.0,262.27,R. Naidoo
ORD10012,02-10-2025,E. Cape,Backpack,Accessories,1.0,R 915.21,S. Dlamini
ORD10809,2025/06/23,Free State,Office Chair,Furniture,1.0,1463.07,L. van der Merwe
ORD10799,30-03-2025,Kwazulu-Natal,USB-C Hub,Electronics,10.0,R 445.02,S. Dlamini
ORD10010,2025/09/18,Free  State,USB-C Hub,Electronics,3.0,416.96,T. Nkosi
ORD11005,2025-12-07,WESTERN CAPE,Notebook Set,Stationery,10.0,R 86.82,M. Botha
ORD11197,2025-05-25,KwaZulu-Natal,Yoga Mat,Fitness,2.0,R 265.49,T. Nkosi
ORD11025,2025/11/15,western cape,Notebook Set,Stationery,2.0,R 90.82,T. Nkosi
ORD10021,2025/08/05,eastern cape,Yoga Mat,Fitness,1.0,267.75,R. Naidoo
ORD10966,14/04/2025,Western Cape,USB-C Hub,Electronics,1.0,413.45,R. Naidoo
ORD10896,2025-07-22,free state,Yoga Mat,Fitness,1.0,270.52,S. Dlamini
ORD10637,25/08/2025,Eastern Cape,Yoga Mat,Fitness,1.0,278.31,S. Dlamini
ORD10173,04-02-2025,Guateng,Yoga Mat,Fitness,3.0,R 272.13,L. van der Merwe
ORD10038,02/05/2025,GAUTENG,Standing Desk,Furniture,5.0,3455.32,L. van der Merwe
ORD10118,21-08-2025,Gauteng,Yoga Mat,Fitness,2.0,R 289.80,M. Botha
ORD10757,01-09-2025,E. Cape,Water Bottle,Fitness,5.0,R 144.36,L. van der Merwe
ORD10469,2025/04/24,KZN,Backpack,Accessories,5.0,869.21,S. Dlamini
ORD10272,04-07-2025,KwaZulu-Natal,LED Desk Lamp,Home,1.0,332.21,T. Nkosi
ORD10899,2025-12-11,FREE STATE,Wireless Mouse,Electronics,10.0,237.54,S. Dlamini
ORD10866,25/03/2025,EASTERN CAPE,Yoga Mat,Fitness,10.0,285.46,M. Botha
ORD10349,06-04-2025,Guateng,Yoga Mat,Fitness,5.0,R 269.87,S. Dlamini
ORD10673,2025/04/13,kwazulu natal,Notebook Set,Stationery,10.0,86.12,L. van der Merwe
ORD11048,02-10-2025,E. Cape,Yoga Mat,Fitness,2.0,275.22,T. Nkosi
ORD10069,15/06/2025,EASTERN CAPE,Water Bottle,Fitness,5.0,153.85,T. Nkosi
ORD11063,2025-07-16,KZN,LED Desk Lamp,Home,2.0,R 354.75,T. Nkosi
ORD10245,05/12/2025,W. Cape,Notebook Set,Stationery,3.0,87.62,R. Naidoo
ORD10856,11-10-2025,FREE STATE,Wireless Mouse,Electronics,5.0,247.54,S. Dlamini
ORD10022,25/02/2025,Gauteng,Wireless Mouse,Electronics,5.0,255.7,L. van der Merwe
ORD10880,2025/06/02,Western Cape,USB-C Hub,Electronics,3.0,415.33,T. Nkosi
ORD10329,13/09/2025,KwaZulu-Natal,Bluetooth Speaker,Electronics,10.0,596.32,S. Dlamini
ORD10606,2025-05-10,Western Cape,Notebook Set,Stationery,1.0,R 94.13,R. Naidoo
ORD10386,15/08/2025,KZN,Yoga Mat,Fitness,5.0,R 281.93,R. Naidoo
ORD10561,2025-08-07,Eastern Cape,Water Bottle,Fitness,3.0,151.6,L. van der Merwe
ORD10302,2025/02/14,KwaZulu-Natal,Standing Desk,Furniture,10.0,3220.75,T. Nkosi
ORD11113,2025-09-12,western cape,USB-C Hub,Electronics,1.0,448.65,T. Nkosi
ORD11021,2025-01-18,western cape,Backpack,Accessories,1.0,904.62,T. Nkosi
ORD10683,2025/12/01,,LED Desk Lamp,Home,,,M. Botha
ORD11086,2025-07-02,Western Cape,Yoga Mat,Fitness,2.0,267.89,M. Botha
ORD10130,2025/07/24,EASTERN CAPE,Standing Desk,Furniture,2.0,3270.57,T. Nkosi
ORD10583,2025-12-30,Kwazulu-Natal,Wireless Mouse,Electronics,2.0,261.98,S. Dlamini
ORD10506,23/04/2025,Eastern Cape,Wireless Mouse,Electronics,2.0,239.18,S. Dlamini
ORD10346,08/03/2025,Gauteng,Office Chair,Furniture,1.0,1548.52,R. Naidoo
ORD10186,20-04-2025,Free State,USB-C Hub,Electronics,2.0,440.8,R. Naidoo
ORD10355,24-12-2025,E. Cape,Backpack,Accessories,1.0,869.88,M. Botha
ORD10366,23/10/2025,Kwazulu-Natal,USB-C Hub,Electronics,1.0,443.11,L. van der Merwe
ORD10438,2025/05/31,eastern cape,USB-C Hub,Electronics,2.0,424.62,L. van der Merwe
ORD10697,31-10-2025,Free State,Yoga Mat,Fitness,1.0,290.02,R. Naidoo
ORD11085,2025/04/26,WESTERN CAPE,Wireless Mouse,Electronics,5.0,241.17,T. Nkosi
ORD10847,13-10-2025,E. Cape,Standing Desk,Furniture,3.0,3392.98,L. van der Merwe
ORD10679,14/04/2025,KwaZulu-Natal,Water Bottle,Fitness,10.0,R 152.88,M. Botha
ORD10369,11/08/2025,Eastern Cape,Backpack,Accessories,5.0,R 938.78,T. Nkosi
ORD10854,2025-09-22,Guateng,LED Desk Lamp,Home,1.0,358.94,T. Nkosi
ORD10727,08/11/2025,eastern cape,Wireless Mouse,Electronics,10.0,246.42,M. Botha
ORD10622,2025/10/20,GAUTENG,Notebook Set,Stationery,5.0,91.13,L. van der Merwe
ORD10137,2025-01-16,WESTERN CAPE,Office Chair,Furniture,1.0,1445.32,M. Botha
ORD10528,2025/12/02,Free State,USB-C Hub,Electronics,1.0,R 418.81,S. Dlamini
ORD10796,08-10-2025,KwaZulu-Natal,Office Chair,Furniture,3.0,1487.14,R. Naidoo
ORD10719,2025/10/08,KZN,Backpack,Accessories,10.0,907.39,R. Naidoo
ORD10323,23-07-2025,Gauteng,Backpack,Accessories,2.0,873.45,M. Botha
ORD10217,21-05-2025,Kwazulu-Natal,Yoga Mat,Fitness,3.0,280.69,T. Nkosi
ORD10603,2025/02/28,KZN,Bluetooth Speaker,Electronics,1.0,R 612.08,S. Dlamini
ORD11051,16/12/2025,KwaZulu-Natal,Yoga Mat,Fitness,5.0,278.69,S. Dlamini
ORD10924,2025-08-29,kwazulu natal,Wireless Mouse,Electronics,10.0,R 242.72,L. van der Merwe
ORD10883,2025-04-30,EASTERN CAPE,LED Desk Lamp,Home,1.0,348.95,S. Dlamini
ORD10453,15/11/2025,GAUTENG,Wireless Mouse,Electronics,10.0,243.5,T. Nkosi
ORD10510,2025/12/06,Western Cape,LED Desk Lamp,Home,1.0,364.19,M. Botha
ORD10415,12/09/2025,W. Cape,Water Bottle,Fitness,5.0,R 145.95,R. Naidoo
ORD10833,2025/07/04,Free  State,USB-C Hub,Electronics,2.0,434.08,S. Dlamini
ORD10414,08/11/2025,GAUTENG,Backpack,Accessories,1.0,924.6,S. Dlamini
ORD10613,2025-11-19,free state,USB-C Hub,Electronics,,R 433.81,R. Naidoo
ORD10827,2025-02-09,kwazulu natal,Office Chair,Furniture,5.0,"R 1,468.34",M. Botha
ORD10887,14-07-2025,Guateng,Wireless Mouse,Electronics,2.0,252.44,L. van der Merwe
ORD10204,16-05-2025,E. Cape,Backpack,Accessories,1.0,930.21,R. Naidoo
ORD10807,20/06/2025,E. Cape,USB-C Hub,Electronics,1.0,R 411.64,R. Naidoo
ORD10688,01/08/2025,gauteng,Standing Desk,Furniture,3.0,"R 3,154.91",S. Dlamini
ORD10835,03/10/2025,eastern cape,Standing Desk,Furniture,2.0,3277.82,T. Nkosi
ORD10529,2025-03-29,W. Cape,Standing Desk,Furniture,10.0,"R 3,340.73",T. Nkosi
ORD11143,18/11/2025,kwazulu natal,Office Chair,Furniture,1.0,1438.03,T. Nkosi
ORD10843,24/03/2025,EASTERN CAPE,Notebook Set,Stationery,3.0,92.65,S. Dlamini
ORD10327,27-06-2025,Gauteng,Office Chair,Furniture,1.0,"R 1,529.20",L. van der Merwe
ORD11144,21-08-2025,Free State,Backpack,Accessories,5.0,856.32,L. van der Merwe
ORD10532,21-03-2025,Western Cape,Water Bottle,Fitness,10.0,146.14,T. Nkosi
ORD10915,2025-08-21,KZN,Backpack,Accessories,2.0,R 891.69,R. Naidoo
ORD10400,19-06-2025,W. Cape,Bluetooth Speaker,Electronics,2.0,613.63,S. Dlamini
ORD10938,2025/06/19,Gauteng,Backpack,Accessories,1.0,867.87,R. Naidoo
ORD11040,2025/01/04,Free State,Water Bottle,Fitness,5.0,R 141.76,M. Botha
ORD10648,2025/07/04,western cape,Water Bottle,Fitness,10.0,143.62,L. van der Merwe
ORD10199,2025/06/26,W. Cape,Yoga Mat,Fitness,1.0,273.77,L. van der Merwe
ORD11101,21-08-2025,free state,Office Chair,Furniture,1.0,1483.47,M. Botha
ORD11125,03/08/2025,Eastern Cape,Notebook Set,Stationery,2.0,93.35,S. Dlamini
ORD10480,26-11-2025,,Wireless Mouse,Electronics,,,L. van der Merwe
ORD10514,21-02-2025,KwaZulu-Natal,Yoga Mat,Fitness,1.0,283.86,S. Dlamini
ORD11059,2025-06-05,EASTERN CAPE,LED Desk Lamp,Home,1.0,349.84,S. Dlamini
ORD11094,02/01/2025,Free  State,Bluetooth Speaker,Electronics,2.0,R 611.17,T. Nkosi
ORD10639,05/05/2025,Kwazulu-Natal,Bluetooth Speaker,Electronics,,R 604.42,R. Naidoo
ORD10182,2025-03-23,Guateng,Wireless Mouse,Electronics,3.0,250.32,L. van der Merwe
ORD10933,2025/06/27,W. Cape,Backpack,Accessories,1.0,R 923.28,R. Naidoo
ORD10894,24-05-2025,kwazulu natal,Yoga Mat,Fitness,10.0,265.31,L. van der Merwe
ORD10185,2025/04/06,E. Cape,LED Desk Lamp,Home,2.0,R 340.75,M. Botha
ORD10531,08-06-2025,WESTERN CAPE,Water Bottle,Fitness,5.0,149.35,R. Naidoo
ORD10689,2025/02/21,WESTERN CAPE,Water Bottle,Fitness,2.0,R 155.34,L. van der Merwe
ORD10745,09-06-2025,Gauteng,Yoga Mat,Fitness,1.0,290.81,L. van der Merwe
ORD10764,16-09-2025,EASTERN CAPE,Water Bottle,Fitness,2.0,145.92,M. Botha
ORD10845,14-05-2025,western cape,Notebook Set,Stationery,1.0,94.48,L. van der Merwe
ORD10485,04/11/2025,EASTERN CAPE,Standing Desk,Furniture,10.0,3190.32,M. Botha
ORD10296,05/08/2025,Free  State,Office Chair,Furniture,5.0,1513.45,R. Naidoo
ORD11043,16/05/2025,,Bluetooth Speaker,Electronics,,,T. Nkosi
ORD10373,2025-08-31,gauteng,Bluetooth Speaker,Electronics,1.0,607.28,S. Dlamini
ORD11004,24-08-2025,free state,Water Bottle,Fitness,1.0,147.44,L. van der Merwe
ORD10560,17/11/2025,eastern cape,Water Bottle,Fitness,2.0,R 149.39,M. Botha
ORD10607,2025/09/01,Eastern Cape,Yoga Mat,Fitness,10.0,271.69,R. Naidoo
ORD10910,16/08/2025,FREE STATE,Office Chair,Furniture,3.0,1487.16,L. van der Merwe
ORD11166,2025/06/10,KZN,Notebook Set,Stationery,3.0,89.09,M. Botha
ORD10116,13-01-2025,Kwazulu-Natal,LED Desk Lamp,Home,3.0,R 335.81,M. Botha
ORD10148,05/11/2025,western cape,LED Desk Lamp,Home,1.0,R 337.14,T. Nkosi
ORD10821,2025-02-15,kwazulu natal,USB-C Hub,Electronics,2.0,448.95,L. van der Merwe
ORD10797,25/07/2025,gauteng,Wireless Mouse,Electronics,10.0,R 257.27,S. Dlamini
ORD10713,2025/06/26,KZN,LED Desk Lamp,Home,5.0,R 341.71,R. Naidoo
ORD10037,21-01-2025,kwazulu natal,Wireless Mouse,Electronics,5.0,240.68,L. van der Merwe
ORD10335,06/05/2025,,LED Desk Lamp,Home,,,T. Nkosi
ORD10023,2025-05-08,Free  State,Standing Desk,Furniture,1.0,"R 3,273.23",R. Naidoo
ORD10602,31/12/2025,Kwazulu-Natal,USB-C Hub,Electronics,1.0,415.22,R. Naidoo
ORD10844,2025/02/21,eastern cape,Bluetooth Speaker,Electronics,1.0,581.0,R. Naidoo
ORD10876,2025-04-03,WESTERN CAPE,Water Bottle,Fitness,1.0,143.34,S. Dlamini
ORD10540,13-09-2025,eastern cape,Wireless Mouse,Electronics,3.0,248.0,R. Naidoo
ORD11182,2025-01-28,Gauteng,USB-C Hub,Electronics,2.0,R 448.69,M. Botha
ORD10207,15/03/2025,E. Cape,Bluetooth Speaker,Electronics,3.0,602.46,M. Botha
ORD10143,2025/01/22,free state,USB-C Hub,Electronics,3.0,410.64,T. Nkosi
ORD10569,21-06-2025,Guateng,Notebook Set,Stationery,1.0,92.51,R. Naidoo
ORD11179,2025/07/01,E. Cape,Water Bottle,Fitness,2.0,143.31,L. van der Merwe
ORD10121,2025-08-21,KwaZulu-Natal,Water Bottle,Fitness,5.0,145.66,L. van der Merwe
ORD10977,22-07-2025,FREE STATE,Wireless Mouse,Electronics,10.0,247.6,R. Naidoo
ORD10454,13-01-2025,Eastern Cape,LED Desk Lamp,Home,5.0,340.99,M. Botha
ORD10494,07-06-2025,eastern cape,Water Bottle,Fitness,3.0,149.88,R. Naidoo
ORD11050,17/01/2025,KwaZulu-Natal,Standing Desk,Furniture,1.0,3264.21,L. van der Merwe
ORD10500,14-02-2025,GAUTENG,Office Chair,Furniture,2.0,1522.24,R. Naidoo
ORD10754,2025/03/05,free state,Standing Desk,Furniture,5.0,3171.28,T. Nkosi
ORD10992,2025/01/02,Eastern Cape,USB-C Hub,Electronics,3.0,445.01,R. Naidoo
ORD10396,2025-05-04,KZN,LED Desk Lamp,Home,2.0,338.61,M. Botha
ORD11131,18/04/2025,WESTERN CAPE,Standing Desk,Furniture,1.0,"R 3,332.30",M. Botha
ORD10589,14/04/2025,western cape,Water Bottle,Fitness,,,S. Dlamini
ORD11178,2025-05-17,Gauteng,Yoga Mat,Fitness,2.0,265.51,R. Naidoo
ORD10795,2025/06/20,Guateng,Notebook Set,Stationery,10.0,92.12,T. Nkosi
ORD10647,2025/07/27,WESTERN CAPE,Wireless Mouse,Electronics,5.0,253.12,R. Naidoo
ORD11012,2025/03/17,GAUTENG,Standing Desk,Furniture,1.0,3357.83,R. Naidoo
ORD10972,2025/10/23,WESTERN CAPE,Standing Desk,Furniture,1.0,3333.92,L. van der Merwe
ORD10947,2025/11/13,Kwazulu-Natal,LED Desk Lamp,Home,1.0,R 346.53,R. Naidoo
ORD10912,30-05-2025,free state,Backpack,Accessories,1.0,896.26,T. Nkosi
ORD10460,2025-09-15,Free State,Wireless Mouse,Electronics,1.0,R 255.01,S. Dlamini
ORD10284,01/07/2025,KwaZulu-Natal,Wireless Mouse,Electronics,1.0,256.71,M. Botha
ORD11046,09/09/2025,kwazulu natal,Wireless Mouse,Electronics,5.0,R 246.35,T. Nkosi
ORD10720,05-09-2025,free state,Notebook Set,Stationery,2.0,R 87.04,S. Dlamini
ORD11026,2025-08-22,KZN,Water Bottle,Fitness,5.0,R 151.23,S. Dlamini
ORD10548,2025-10-02,KwaZulu-Natal,Backpack,Accessories,,,L. van der Merwe
ORD11053,2025-08-08,Free State,LED Desk Lamp,Home,2.0,333.84,R. Naidoo
ORD10498,2025/11/24,FREE STATE,USB-C Hub,Electronics,1.0,448.12,R. Naidoo
ORD10920,26-02-2025,Gauteng,Notebook Set,Stationery,1.0,88.9,L. van der Merwe
ORD11117,10-06-2025,free state,USB-C Hub,Electronics,10.0,423.28,T. Nkosi
ORD11029,2025/10/08,Western Cape,Backpack,Accessories,2.0,R 865.25,T. Nkosi
ORD11056,21/11/2025,gauteng,Yoga Mat,Fitness,2.0,292.74,L. van der Merwe
ORD10421,2025-03-27,Kwazulu-Natal,Yoga Mat,Fitness,10.0,287.37,L. van der Merwe
ORD10156,05/11/2025,Guateng,LED Desk Lamp,Home,2.0,340.83,S. Dlamini
ORD10564,2025-07-23,WESTERN CAPE,Water Bottle,Fitness,2.0,146.91,T. Nkosi
ORD10519,2025/01/25,Kwazulu-Natal,Water Bottle,Fitness,2.0,145.29,T. Nkosi
ORD10870,25-01-2025,Eastern Cape,Notebook Set,Stationery,1.0,86.77,S. Dlamini
ORD11175,21/08/2025,kwazulu natal,Bluetooth Speaker,Electronics,3.0,614.6,M. Botha
ORD10610,26/05/2025,Gauteng,Bluetooth Speaker,Electronics,5.0,R 628.57,R. Naidoo
ORD10586,2025-07-18,kwazulu natal,LED Desk Lamp,Home,2.0,360.4,M. Botha
ORD10259,2025/11/12,WESTERN CAPE,Wireless Mouse,Electronics,3.0,239.0,R. Naidoo
ORD10297,2025-08-19,western cape,Water Bottle,Fitness,10.0,R 145.85,S. Dlamini
ORD10553,2025/02/02,Western Cape,USB-C Hub,Electronics,3.0,R 440.84,L. van der Merwe
ORD11034,03/12/2025,W. Cape,Backpack,Accessories,1.0,915.78,L. van der Merwe
ORD10691,30/07/2025,western cape,Yoga Mat,Fitness,1.0,282.9,L. van der Merwe
ORD11031,05/03/2025,eastern cape,Bluetooth Speaker,Electronics,5.0,626.06,M. Botha
ORD10842,2025/12/03,western cape,Yoga Mat,Fitness,3.0,290.77,L. van der Merwe
ORD10291,2025/04/12,WESTERN CAPE,Office Chair,Furniture,5.0,1428.43,M. Botha
ORD10927,13/07/2025,WESTERN CAPE,Standing Desk,Furniture,2.0,3264.66,S. Dlamini
ORD11073,06-11-2025,western cape,Wireless Mouse,Electronics,1.0,237.53,S. Dlamini
ORD10686,12/11/2025,Western Cape,Backpack,Accessories,1.0,864.31,T. Nkosi
ORD10448,16/05/2025,Free State,Office Chair,Furniture,5.0,"R 1,430.14",L. van der Merwe
ORD10052,2025/03/04,western cape,USB-C Hub,Electronics,10.0,R 409.70,L. van der Merwe
ORD10308,07-12-2025,Free State,LED Desk Lamp,Home,1.0,357.57,T. Nkosi
ORD10488,2025-09-30,gauteng,Backpack,Accessories,10.0,935.1,T. Nkosi
ORD10591,16-01-2025,Free State,Water Bottle,Fitness,1.0,146.28,R. Naidoo
ORD10742,19-02-2025,KZN,LED Desk Lamp,Home,2.0,355.98,L. van der Merwe
ORD10959,16/11/2025,Eastern Cape,Wireless Mouse,Electronics,3.0,245.56,M. Botha
ORD10638,24-02-2025,free state,LED Desk Lamp,Home,1.0,346.2,M. Botha
ORD10119,2025/11/12,free state,USB-C Hub,Electronics,5.0,435.65,S. Dlamini
ORD10102,2025/12/12,KZN,Yoga Mat,Fitness,5.0,283.18,S. Dlamini
ORD10000,2025-12-13,GAUTENG,Bluetooth Speaker,Electronics,2.0,582.42,M. Botha
ORD10653,27-09-2025,KwaZulu-Natal,Yoga Mat,Fitness,10.0,R 291.88,R. Naidoo
ORD10086,2025/09/10,E. Cape,Bluetooth Speaker,Electronics,5.0,625.52,T. Nkosi
ORD10171,01-01-2025,Eastern Cape,Bluetooth Speaker,Electronics,2.0,R 612.09,L. van der Merwe
ORD10865,22-07-2025,GAUTENG,Yoga Mat,Fitness,5.0,281.46,M. Botha
ORD10027,2025-04-06,Guateng,Wireless Mouse,Electronics,1.0,238.91,M. Botha
ORD10785,2025-09-06,KZN,Wireless Mouse,Electronics,1.0,R 253.60,T. Nkosi
ORD10746,02/03/2025,FREE STATE,Yoga Mat,Fitness,1.0,R 284.86,L. van der Merwe
ORD10748,2025-12-04,EASTERN CAPE,Wireless Mouse,Electronics,1.0,R 242.40,R. Naidoo
ORD10579,03/10/2025,Kwazulu-Natal,Bluetooth Speaker,Electronics,10.0,R 570.41,L. van der Merwe
ORD10552,2025-08-21,WESTERN CAPE,Water Bottle,Fitness,2.0,153.76,M. Botha
ORD11153,2025/05/31,eastern cape,Notebook Set,Stationery,1.0,88.63,R. Naidoo
ORD10935,2025/04/07,Free  State,Water Bottle,Fitness,10.0,R 146.63,R. Naidoo
ORD10626,13/12/2025,kwazulu natal,Notebook Set,Stationery,1.0,92.89,L. van der Merwe
ORD10565,03/06/2025,Free State,Notebook Set,Stationery,1.0,94.43,L. van der Merwe
ORD10009,15-10-2025,EASTERN CAPE,Yoga Mat,Fitness,1.0,R 272.44,M. Botha
ORD11102,2025/02/17,kwazulu natal,Water Bottle,Fitness,5.0,R 155.43,L. van der Merwe
ORD10913,2025-10-14,free state,Water Bottle,Fitness,1.0,145.09,R. Naidoo
ORD10808,2025/06/04,Free State,LED Desk Lamp,Home,1.0,340.89,S. Dlamini
ORD10543,07/12/2025,gauteng,Standing Desk,Furniture,10.0,"R 3,376.63",R. Naidoo
ORD10587,2025/02/14,western cape,Notebook Set,Stationery,3.0,93.56,M. Botha
ORD11078,2025-05-25,western cape,Office Chair,Furniture,10.0,"R 1,565.46",S. Dlamini
ORD10388,30/01/2025,Free State,Water Bottle,Fitness,1.0,144.42,T. Nkosi
ORD10250,07/02/2025,GAUTENG,Standing Desk,Furniture,5.0,3356.29,M. Botha
ORD10443,01/06/2025,W. Cape,Notebook Set,Stationery,2.0,R 86.81,M. Botha
ORD10165,2025/05/20,KwaZulu-Natal,Yoga Mat,Fitness,1.0,273.0,M. Botha
ORD10505,2025/08/23,Free  State,USB-C Hub,Electronics,500.0,440.05,M. Botha
ORD10264,2025/02/12,EASTERN CAPE,USB-C Hub,Electronics,1.0,434.87,R. Naidoo
ORD10051,2025-12-19,WESTERN CAPE,Backpack,Accessories,10.0,R 889.98,T. Nkosi
ORD10107,2025-03-22,KwaZulu-Natal,Yoga Mat,Fitness,10.0,290.19,R. Naidoo
ORD11083,2025-05-17,,Notebook Set,Stationery,,,T. Nkosi
ORD10478,2025-10-28,KZN,Water Bottle,Fitness,1.0,147.16,M. Botha
ORD10499,22/09/2025,W. Cape,Wireless Mouse,Electronics,2.0,238.33,M. Botha
ORD10883,2025-04-30,EASTERN CAPE,LED Desk Lamp,Home,1.0,348.95,S. Dlamini
ORD10466,20/02/2025,Guateng,Backpack,Accessories,1.0,R 880.18,M. Botha
ORD10969,14/06/2025,gauteng,Water Bottle,Fitness,2.0,150.61,R. Naidoo
ORD10711,2025-03-31,E. Cape,Bluetooth Speaker,Electronics,10.0,606.14,M. Botha
ORD11002,2025/06/10,free state,LED Desk Lamp,Home,1.0,R 352.05,M. Botha
ORD10749,2025-02-19,KwaZulu-Natal,Bluetooth Speaker,Electronics,1.0,R 587.12,M. Botha
ORD10198,2025/08/14,E. Cape,Standing Desk,Furniture,,,R. Naidoo
ORD11080,2025-01-11,free state,Bluetooth Speaker,Electronics,1.0,605.19,T. Nkosi
ORD10190,2025-11-10,,Water Bottle,Fitness,,,T. Nkosi
ORD11138,18-05-2025,Eastern Cape,USB-C Hub,Electronics,3.0,441.11,S. Dlamini
ORD10151,2025-05-27,GAUTENG,Water Bottle,Fitness,10.0,R 148.28,T. Nkosi
ORD10187,2025-08-16,gauteng,Standing Desk,Furniture,1.0,3283.18,S. Dlamini
ORD11097,2025-12-06,Eastern Cape,Office Chair,Furniture,5.0,1479.77,R. Naidoo
ORD10729,29-01-2025,WESTERN CAPE,USB-C Hub,Electronics,3.0,433.43,R. Naidoo
ORD10240,28/09/2025,W. Cape,Water Bottle,Fitness,1.0,144.21,L. van der Merwe
ORD10145,20-12-2025,GAUTENG,USB-C Hub,Electronics,1.0,441.93,T. Nkosi
ORD10562,2025/11/04,Free  State,Office Chair,Furniture,3.0,1522.61,S. Dlamini
ORD10255,14/07/2025,Free  State,Notebook Set,Stationery,2.0,86.86,R. Naidoo
ORD10095,30/08/2025,E. Cape,Office Chair,Furniture,2.0,1486.33,R. Naidoo
ORD10412,20/03/2025,EASTERN CAPE,USB-C Hub,Electronics,1.0,431.03,T. Nkosi
ORD11185,2025/11/15,KwaZulu-Natal,Backpack,Accessories,1.0,870.69,S. Dlamini
ORD10426,2025/08/29,Free State,Water Bottle,Fitness,1.0,R 151.14,L. van der Merwe
ORD10243,2025-08-17,gauteng,Backpack,Accessories,2.0,860.1,L. van der Merwe
ORD10680,19-11-2025,eastern cape,Wireless Mouse,Electronics,2.0,254.89,R. Naidoo
ORD10343,2025-06-05,E. Cape,Notebook Set,Stationery,1.0,86.3,L. van der Merwe
ORD10954,2025-03-28,gauteng,Backpack,Accessories,2.0,865.21,T. Nkosi
ORD11054,13/11/2025,KZN,Yoga Mat,Fitness,10.0,267.35,M. Botha
ORD10933,2025/06/27,W. Cape,Backpack,Accessories,1.0,R 923.28,R. Naidoo
ORD10706,2025-10-13,EASTERN CAPE,Water Bottle,Fitness,1.0,R 148.29,R. Naidoo
ORD10056,28/12/2025,gauteng,Water Bottle,Fitness,1.0,145.0,T. Nkosi
ORD10422,2025/10/19,Western Cape,Wireless Mouse,Electronics,5.0,260.27,L. van der Merwe
ORD10149,26-11-2025,EASTERN CAPE,Office Chair,Furniture,10.0,1526.15,S. Dlamini
ORD10533,2025/12/19,free state,Wireless Mouse,Electronics,3.0,244.66,R. Naidoo
ORD10183,07-07-2025,Eastern Cape,Backpack,Accessories,1.0,860.09,R. Naidoo
ORD11024,19/01/2025,free state,Water Bottle,Fitness,,R 151.42,L. van der Merwe
ORD11150,2025-09-05,Western Cape,Wireless Mouse,Electronics,1.0,261.89,L. van der Merwe
ORD11068,22/12/2025,kwazulu natal,Backpack,Accessories,2.0,858.14,R. Naidoo
ORD10946,16-02-2025,Free  State,LED Desk Lamp,Home,10.0,R 348.20,R. Naidoo
ORD10951,2025/04/10,Guateng,Wireless Mouse,Electronics,5.0,246.08,T. Nkosi
ORD10823,08/07/2025,E. Cape,Yoga Mat,Fitness,1.0,R 275.07,R. Naidoo
ORD10109,25-12-2025,gauteng,Yoga Mat,Fitness,5.0,281.01,T. Nkosi
ORD11082,2025/10/16,FREE STATE,Bluetooth Speaker,Electronics,1.0,581.17,L. van der Merwe
ORD10393,06-06-2025,Western Cape,Office Chair,Furniture,2.0,1461.88,R. Naidoo
ORD10818,2025/12/29,GAUTENG,Backpack,Accessories,1.0,856.65,R. Naidoo
ORD10456,2025/04/20,Free State,Office Chair,Furniture,1.0,1455.65,T. Nkosi
ORD10360,2025/08/12,GAUTENG,Backpack,Accessories,2.0,883.05,S. Dlamini
ORD10709,2025-09-29,Eastern Cape,LED Desk Lamp,Home,1.0,345.48,S. Dlamini
ORD10439,20/11/2025,E. Cape,Office Chair,Furniture,3.0,1530.76,L. van der Merwe
ORD10174,26/11/2025,FREE STATE,Bluetooth Speaker,Electronics,1.0,571.71,R. Naidoo
ORD11146,2025-02-22,,Notebook Set,Stationery,,,R. Naidoo
